singer,track,danceability,energy,loudness,speechiness,acousticness,instrumentalness,liveness,valence,tempo
Rihanna,Here I Go Again,0.681,0.611,-5.939,0.077,0.000332,0.00193,0.12,0.637,83.463
Rihanna,Pose,0.685,0.852,-3.153,0.0846,0.181,0.00135,0.147,0.77,145.918
Dua Lipa,Running,0.62,0.694,-3.739,0.0311,0.0178,0.0,0.19,0.319,98.002
Halsey,Drive,0.571,0.585,-8.392,0.0494,0.239,0.00016,0.133,0.291,113.973
Post Malone,Psycho,0.75,0.56,-8.094,0.105,0.546,0.0,0.111,0.459,140.06
Mustafa Ceceli,Alametifarika,0.772,0.888,-3.621,0.0329,0.473,2.13e-06,0.0349,0.964,127.021
Rihanna,Kiss It Better,0.619,0.806,-4.8,0.0483,0.272,0.0,0.0671,0.877,95.0
Mark Eliyahu,Brothers Getting Together,0.442,0.447,-4.606,0.0367,0.743,0.0131,0.0896,0.556,103.314
Nuri Serinlendirici,Sevdiyim,0.507,0.568,-6.429,0.0391,0.209,0.0,0.279,0.255,82.882
Rihanna,Fire Bomb,0.561,0.847,-4.728,0.0446,0.13,0.0,0.151,0.443,149.909
Katy Perry,Witness,0.599,0.614,-8.811,0.0548,0.0351,0.00017,0.106,0.123,119.831
Nuri Serinlendirici,Taksi,0.721,0.941,-4.441,0.223,0.168,3.39e-06,0.0798,0.798,187.56
Maroon 5,How,0.534,0.693,-4.548,0.0263,0.121,0.0,0.335,0.385,92.98
Gazapizm,Hakikatler,0.708,0.866,-7.233,0.258,0.0752,0.0,0.168,0.753,173.927
Post Malone,Chemical,0.498,0.897,-4.907,0.045,0.00136,0.0,0.118,0.373,169.902
Post Malone,Over Now,0.569,0.777,-4.041,0.0834,0.139,0.0,0.132,0.181,164.027
Post Malone,Euthanasia,0.301,0.303,-12.39,0.0458,0.177,0.031,0.0979,0.0384,141.997
Katy Perry,Smile,0.783,0.912,-3.713,0.243,0.0238,0.0,0.339,0.749,98.025
Maroon 5,Stutter,0.711,0.882,-2.772,0.0333,0.0171,0.0,0.111,0.813,119.991
Billy Esteban,Coffee Time,0.624,0.58,-7.747,0.031,0.00847,0.888,0.0899,0.0467,109.989
Nuri Serinlendirici,Can Ay Can,0.732,0.844,-6.82,0.0956,0.03,0.000265,0.271,0.454,133.999
Maroon 5,My Heart Is Open,0.41,0.327,-7.663,0.0301,0.547,0.0,0.0763,0.283,101.861
Beyonce,Ring The Alarm,0.458,0.751,-8.395,0.469,0.0299,0.000155,0.258,0.48,169.673
Sam Smith,Lose You,0.667,0.697,-5.652,0.0446,0.115,7.78e-06,0.311,0.497,122.992
Rihanna,Now I Know,0.315,0.267,-11.355,0.0289,0.853,1.5e-06,0.204,0.22,104.987
Katy Perry,Love Me,0.576,0.626,-6.004,0.0445,0.384,0.0,0.108,0.431,142.912
Sam Smith,Love Is A Losing Game,0.24,0.232,-8.934,0.0351,0.948,3.06e-05,0.11,0.182,74.612
Billie Eilish,wish you were gay,0.853,0.351,-10.198,0.241,0.39,9.38e-06,0.752,0.282,118.028
Maroon 5,Misery,0.704,0.81,-4.874,0.0425,0.000315,0.0,0.216,0.726,102.98
Rihanna,Skin,0.638,0.558,-6.87,0.0466,0.136,0.0,0.126,0.127,126.905
Alan Walker,Lonely,0.521,0.819,-7.267,0.0413,0.00911,0.00227,0.086,0.184,89.952
Katy Perry,This Moment,0.774,0.769,-3.798,0.0929,0.118,0.0,0.0938,0.244,112.943
Billy Esteban,Passion,0.711,0.705,-6.53,0.0344,0.412,0.901,0.378,0.63,135.985
Mustafa Ceceli,Eksik,0.604,0.613,-7.997,0.0286,0.208,1.27e-06,0.129,0.458,140.024
Billy Esteban,Cosmik Sitar,0.624,0.877,-5.928,0.0308,0.00421,0.894,0.136,0.672,119.927
Billy Esteban,Glorija,0.608,0.671,-8.851,0.0281,0.733,0.875,0.105,0.381,130.007
Beyonce,Sandcastles,0.33,0.357,-10.171,0.0348,0.866,1.76e-05,0.19,0.101,84.119
Evgeny Grinko,Hunter in Love,0.369,0.321,-12.532,0.0297,0.838,0.865,0.129,0.35,149.119
Hauser,Besame Mucho,0.471,0.472,-8.962,0.0258,0.285,0.965,0.187,0.269,95.027
Beyonce,I Care,0.371,0.841,-6.021,0.297,0.287,4.67e-06,0.135,0.231,85.656
Post Malone,Allergic,0.665,0.741,-3.694,0.0787,0.154,3.02e-05,0.345,0.57,144.968
Sam Smith,The Thrill Of It All,0.496,0.279,-9.18,0.052,0.81,6.82e-05,0.11,0.103,127.053
Alan Walker,All Falls Down,0.655,0.672,-4.966,0.0581,0.253,0.0,0.312,0.675,98.005
Sam Smith,Good Thing,0.615,0.311,-10.708,0.0529,0.634,0.00267,0.336,0.27,129.634
Sam Smith,Stay With Me,0.418,0.42,-6.444,0.0414,0.588,6.39e-05,0.11,0.184,84.094
Charlie Puth,Up All Night,0.647,0.648,-4.957,0.0314,0.551,0.0,0.192,0.474,81.892
Alan Walker,OK,0.522,0.551,-6.458,0.0309,0.0611,0.0,0.0958,0.186,90.006
Beyonce,Upgrade U,0.474,0.683,-5.585,0.397,0.00161,0.000123,0.309,0.509,169.51
Mark Eliyahu,Wind,0.448,0.526,-8.955,0.0304,0.638,0.72,0.167,0.305,96.999
Katy Perry,Swish Swish,0.838,0.705,-5.201,0.0449,0.0184,1.82e-05,0.102,0.583,119.953
Rihanna,Te Amo,0.567,0.707,-5.455,0.0818,0.541,0.000176,0.1,0.751,171.917
Katy Perry,Only Love,0.71,0.46,-7.56,0.0492,0.297,0.0,0.106,0.228,98.033
Hiss,Qorxuram,0.774,0.808,-6.06,0.203,0.479,0.0,0.0578,0.777,159.908
Post Malone,Lemon Tree,0.611,0.584,-6.897,0.0301,0.083,0.0,0.432,0.181,116.106
Charlie Puth,Tears On My Piano,0.562,0.729,-5.503,0.0926,0.239,1.33e-05,0.111,0.831,192.168
Halsey,Whispers,0.58,0.382,-11.421,0.0799,0.558,1.19e-06,0.0962,0.217,79.11
Beyonce,Smash Into You,0.572,0.429,-8.974,0.0271,0.192,0.0,0.263,0.103,95.068
Mustafa Ceceli,Kiraz,0.775,0.705,-7.525,0.164,0.11,0.0,0.142,0.654,127.96
Katy Perry,Dance With The Devil,0.704,0.567,-6.378,0.0462,0.351,0.000105,0.143,0.245,134.009
Nuri Serinlendirici,Yasat Meni,0.516,0.823,-4.451,0.0661,0.138,0.0,0.562,0.436,146.989
Ava Max,Call Me Tonight,0.775,0.699,-4.273,0.0421,0.109,0.0,0.0328,0.865,115.0
Beyonce,HEATED,0.785,0.732,-5.724,0.164,0.0636,0.000807,0.265,0.496,110.952
Sam Smith,Perfect,0.549,0.297,-8.789,0.0294,0.234,0.00483,0.373,0.2,95.0
Billy Esteban,Ascension,0.283,0.281,-13.344,0.0346,0.913,0.927,0.248,0.0758,128.204
Beyonce,Blow,0.875,0.434,-7.683,0.091,0.242,0.00147,0.233,0.776,120.067
Halsey,New Americana,0.339,0.707,-5.121,0.0428,0.0113,0.0,0.337,0.359,173.993
Dua Lipa,Homesick,0.426,0.224,-8.683,0.0391,0.948,0.0,0.112,0.399,85.728
Evgeny Grinko,Sail on the Roof,0.229,0.266,-13.064,0.0346,0.812,0.00854,0.12,0.171,138.855
Rauf & Faik,Rubicon,0.715,0.641,-7.467,0.0447,0.275,0.00559,0.169,0.376,155.05
Halsey,Bad At Love,0.675,0.751,-3.539,0.0296,0.0604,0.0,0.0893,0.612,118.384
Beyonce,World Wide Woman,0.485,0.827,-3.707,0.177,0.144,0.0,0.116,0.196,92.161
Rihanna,Never Ending,0.53,0.391,-9.096,0.0286,0.751,6.97e-05,0.187,0.521,82.215
Halsey,Bells in Santa Fe,0.651,0.489,-8.264,0.0315,0.613,0.00644,0.387,0.395,149.986
Dua Lipa,Genesis,0.715,0.572,-6.853,0.0745,0.0244,0.0,0.26,0.429,113.02
Charlie Puth,Marvin Gaye,0.795,0.616,-5.281,0.06,0.417,0.0,0.349,0.815,110.015
Mark Eliyahu,Traveler,0.652,0.77,-7.994,0.0886,0.577,0.0525,0.0911,0.695,104.632
Katy Perry,Hot N Cold,0.706,0.841,-3.956,0.0418,7.95e-05,0.0,0.0688,0.861,132.032
Billy Esteban,Gipsy Melody,0.665,0.838,-7.114,0.0342,0.0492,0.924,0.0986,0.516,114.034
Billy Esteban,Mediterranean Sunset,0.682,0.876,-6.453,0.0683,0.221,0.866,0.118,0.628,92.022
Evgeny Grinko,Field,0.191,0.0859,-21.876,0.0389,0.988,0.902,0.115,0.292,161.21
Rihanna,S&M,0.769,0.684,-5.019,0.0411,0.0105,0.000125,0.0887,0.835,127.972
Rihanna,Complicated,0.71,0.898,-3.789,0.0386,0.171,1.87e-06,0.109,0.348,137.944
Billy Esteban,Eagea Sunset,0.782,0.718,-7.458,0.0278,0.266,0.756,0.148,0.511,107.072
Sam Smith,Leave Your Lover,0.415,0.264,-8.741,0.0475,0.948,6.31e-06,0.106,0.357,92.879
Charlie Puth,LA Girls,0.869,0.642,-5.03,0.0367,0.359,1.42e-06,0.0694,0.917,99.992
Beyonce,All Night,0.574,0.573,-7.079,0.085,0.392,2.16e-05,0.0933,0.626,136.304
Mark Eliyahu,Humbleness,0.491,0.407,-5.88,0.0332,0.793,0.0129,0.113,0.462,119.795
Sam Smith,Gloria,0.185,0.331,-13.186,0.0338,0.857,0.00022,0.132,0.266,88.499
Rihanna,California King Bed,0.452,0.571,-3.992,0.0359,0.25,0.0,0.114,0.327,169.899
Billie Eilish,Male Fantasy,0.687,0.288,-10.415,0.045,0.863,0.0,0.0986,0.308,110.927
Halsey,Young God,0.449,0.599,-6.509,0.0405,0.324,4.09e-06,0.114,0.198,119.868
Beyonce,End of Time,0.716,0.811,-7.503,0.212,0.0328,0.000517,0.0649,0.786,118.005
Houssem Amari,Khamsa,0.594,0.675,-7.33,0.109,0.0383,0.313,0.151,0.165,100.035
Billy Esteban,Eternity,0.591,0.745,-7.781,0.0325,0.357,0.913,0.0991,0.264,80.039
Post Malone,Congratulations,0.63,0.804,-4.183,0.0363,0.215,0.0,0.253,0.492,123.146
Hiss,Bela,0.701,0.58,-8.771,0.0376,0.214,8.18e-05,0.157,0.42,100.031
Billie Eilish,goodbye,0.153,0.138,-21.877,0.0503,0.837,0.55,0.254,0.0503,74.318
Hiss,Get,0.0677,0.736,-6.241,0.047,1.32e-05,0.658,0.564,0.504,205.823
Rihanna,Fool In Love,0.44,0.685,-5.582,0.0473,0.045,4.07e-06,0.31,0.0433,111.835
Ava Max,Sleepwalker,0.712,0.869,-3.039,0.0383,0.00373,0.0,0.0812,0.859,125.926
Charlie Puth,The Way I Am,0.755,0.77,-5.658,0.187,0.312,2.34e-06,0.0628,0.642,114.965
Gazapizm,Korkma,0.691,0.952,-2.856,0.307,0.389,0.0,0.11,0.605,168.297
Billy Esteban,Mihrimah,0.765,0.54,-9.262,0.0348,0.475,0.945,0.0885,0.746,113.384
Sam Smith,Pray,0.535,0.382,-9.465,0.0426,0.282,1.14e-05,0.0865,0.147,87.801
Billie Eilish,bitches broken hearts,0.778,0.422,-10.114,0.0482,0.921,0.00924,0.0958,0.187,120.033
Charlie Puth,Change,0.503,0.412,-7.379,0.0389,0.87,0.0,0.213,0.453,175.519
Billie Eilish,Six Feet Under,0.698,0.838,-6.267,0.043,0.118,0.0833,0.102,0.415,150.064
Post Malone,Leave,0.535,0.55,-7.249,0.0229,0.246,0.000105,0.124,0.619,90.086
Billie Eilish,watch,0.441,0.599,-8.985,0.225,0.333,0.00198,0.103,0.35,165.212
Billie Eilish,everything i wanted,0.704,0.225,-14.454,0.0994,0.902,0.657,0.106,0.243,120.006
Charlie Puth,Light Switch,0.689,0.627,-5.692,0.308,0.105,0.000321,0.0905,0.905,184.008
Katy Perry,If You Can Afford Me,0.617,0.887,-3.191,0.0943,0.0109,0.0,0.228,0.855,149.97
Gazapizm,Efkar,0.687,0.884,-8.525,0.0934,0.0298,1.87e-05,0.168,0.355,101.999
Nuri Serinlendirici,Esq Delisi,0.703,0.899,-5.76,0.0842,0.162,1.36e-06,0.104,0.86,129.976
Hiss,Busan,0.784,0.658,-4.886,0.135,0.223,4.62e-06,0.225,0.215,164.986
Alan Walker,Sorry,0.542,0.561,-7.029,0.0485,0.437,0.0704,0.135,0.183,175.998
Maroon 5,Sad,0.781,0.259,-9.204,0.0323,0.795,0.0,0.0993,0.331,111.9
Jacob's Piano,Levitate,0.401,0.0315,-22.059,0.0409,0.988,0.946,0.0957,0.131,120.521
Mark Eliyahu,Night Train,0.359,0.635,-4.186,0.0818,0.481,0.32,0.136,0.274,41.606
Billy Esteban,Bay Nikola,0.723,0.653,-7.621,0.0431,0.0197,0.0204,0.104,0.733,113.013
Sam Smith,To Die For,0.597,0.656,-5.109,0.0388,0.642,0.0,0.102,0.321,102.057
Katy Perry,Lost,0.382,0.577,-5.37,0.0289,0.254,1.77e-06,0.168,0.186,179.932
Mustafa Ceceli,Aman,0.654,0.744,-5.479,0.0329,0.673,0.0,0.146,0.547,118.979
Gazapizm,Olur Mu,0.579,0.736,-7.786,0.0449,0.308,2.26e-05,0.283,0.156,139.788
Maroon 5,Denim Jacket,0.781,0.628,-5.34,0.0668,0.161,0.0,0.0917,0.288,117.992
Post Malone,Zack and Codeine,0.738,0.824,-5.165,0.0437,0.15,0.0,0.132,0.386,138.039
Charlie Puth,Loser,0.698,0.623,-7.845,0.037,0.623,0.0856,0.179,0.625,102.002
Evgeny Grinko,Cold Morning,0.334,0.184,-23.508,0.052,0.985,0.947,0.121,0.0844,117.3
Post Malone,Too Young,0.602,0.635,-6.526,0.052,0.271,3.2e-05,0.0829,0.225,123.05
Jacob's Piano,Monday,0.385,0.0729,-22.983,0.0426,0.981,0.938,0.0869,0.0549,114.885
Billy Esteban,Namaste,0.48,0.221,-16.947,0.0344,0.99,0.936,0.786,0.211,120.119
Katy Perry,Champagne Problems,0.711,0.674,-6.114,0.106,0.0185,0.0,0.184,0.774,108.883
Mark Eliyahu,Gulbahar,0.603,0.422,-8.544,0.0312,0.821,0.137,0.0997,0.357,138.084
Jacob's Piano,Kiss the Rain,0.559,0.0803,-22.077,0.0506,0.981,0.902,0.106,0.178,132.96
Billy Esteban,The Walk Of The Sultan,0.799,0.727,-7.066,0.114,0.401,0.871,0.113,0.958,136.013
Mark Eliyahu,Journey,0.384,0.267,-10.422,0.0668,0.931,0.0504,0.123,0.339,81.467
Rihanna,No Love Allowed,0.583,0.482,-9.164,0.0987,0.362,4.14e-05,0.0938,0.645,90.483
Billy Esteban,Ederlezi,0.634,0.812,-7.18,0.0299,0.0413,0.835,0.177,0.418,120.027
Beyonce,Green Light,0.796,0.572,-7.019,0.0634,0.0682,7.82e-06,0.135,0.726,107.045
Billie Eilish,OverHeated,0.777,0.522,-12.496,0.0535,0.527,0.838,0.0968,0.182,115.008
Mark Eliyahu,Stress,0.313,0.0195,-21.672,0.0478,0.201,0.85,0.111,0.0324,79.903
Beyonce,OTHERSIDE,0.258,0.248,-9.507,0.0343,0.944,0.00365,0.0967,0.369,80.187
Hauser,Obsesion,0.582,0.697,-6.115,0.036,0.118,0.884,0.111,0.428,132.989
Rihanna,You Da One,0.702,0.715,-5.377,0.0425,0.503,2.44e-05,0.126,0.863,127.05
Maroon 5,One More Night,0.718,0.82,-3.453,0.0323,0.0444,0.0,0.0846,0.613,92.998
Beyonce,Before I Let Go,0.71,0.842,-5.424,0.0944,0.0686,0.0,0.337,0.435,102.994
Beyonce,COZY,0.556,0.63,-8.15,0.102,0.000828,0.00468,0.155,0.367,149.147
Maroon 5,Harder To Breathe,0.28,0.976,-5.67,0.0545,0.00546,0.0,0.934,0.723,148.092
Billie Eilish,Happier Than Ever,0.332,0.225,-8.697,0.0348,0.767,0.00349,0.128,0.297,81.055
Billy Esteban,Halkidiki,0.654,0.854,-5.13,0.0454,0.0832,0.000646,0.386,0.712,92.01
Alan Walker,Darkside,0.43,0.606,-5.115,0.0431,0.131,0.0,0.173,0.123,169.988
Rauf & Faik,Lonely,0.672,0.595,-6.488,0.033,0.657,0.0014,0.103,0.328,144.058
Jacob's Piano,Una Mattina,0.354,0.076,-22.115,0.0545,0.982,0.839,0.149,0.0984,133.6
Alan Walker,Fake A Smile,0.447,0.553,-4.817,0.0322,0.212,0.0,0.165,0.252,149.877
Halsey,Angel On Fire,0.505,0.697,-5.479,0.0406,0.254,0.0,0.158,0.208,96.938
Nuri Serinlendirici,Icime Atiyorum Ask,0.666,0.812,-6.727,0.0336,0.565,0.0,0.328,0.652,139.943
Billy Esteban,Amazon,0.678,0.569,-9.081,0.0338,0.292,0.878,0.49,0.559,139.962
Halsey,Ashley,0.663,0.531,-6.339,0.0827,0.137,0.0,0.146,0.366,125.014
Rihanna,Photographs,0.696,0.632,-5.786,0.0323,0.136,0.0,0.123,0.399,130.155
Beyonce,Party,0.648,0.593,-6.267,0.0509,0.0188,0.0,0.169,0.719,160.984
Billie Eilish,my boy,0.692,0.394,-8.745,0.207,0.472,0.000191,0.117,0.324,89.936
Sam Smith,How To Cry,0.444,0.348,-8.657,0.0405,0.629,2.27e-06,0.18,0.296,89.068
Charlie Puth,One Call Away,0.667,0.613,-5.353,0.0344,0.403,0.0,0.115,0.47,91.024
Beyonce,Love On Top,0.652,0.749,-5.248,0.0886,0.0848,0.0,0.604,0.651,94.103
Billy Esteban,Amor,0.815,0.704,-7.994,0.0305,0.035,0.718,0.0923,0.82,124.002
Dua Lipa,Be the One,0.661,0.651,-3.771,0.0499,0.117,1.32e-05,0.056,0.368,87.46
Dua Lipa,New Rules,0.762,0.7,-6.021,0.0694,0.00261,1.56e-05,0.153,0.608,116.073
Post Malone,Candy Paint,0.664,0.667,-5.941,0.154,0.64,1.22e-06,0.0753,0.381,180.064
Post Malone,Up There,0.654,0.378,-8.108,0.0322,0.373,1.07e-05,0.0971,0.437,72.976
Mustafa Ceceli,Kanaryam,0.773,0.764,-3.715,0.0525,0.639,0.0,0.137,0.898,119.953
Charlie Puth,Marks On My Neck,0.855,0.607,-8.587,0.0422,0.2,1.84e-05,0.0723,0.943,142.002
Billy Esteban,Winds Melody,0.724,0.496,-11.426,0.0319,0.0585,0.909,0.131,0.489,120.025
Dua Lipa,Bad Together,0.703,0.628,-6.349,0.0284,0.0076,0.0,0.471,0.425,103.983
Beyonce,Pray You Catch Me,0.25,0.215,-13.676,0.037,0.632,0.0717,0.401,0.0746,174.824
Sam Smith,Gimme,0.682,0.446,-8.152,0.0596,0.0995,0.00172,0.431,0.746,104.855
Hiss,Biri Var,0.547,0.526,-8.239,0.149,0.869,1.72e-06,0.108,0.37,82.74
Sam Smith,No Peace,0.66,0.542,-8.11,0.077,0.343,3.89e-06,0.122,0.152,135.828
Rihanna,Rude Boy,0.563,0.75,-4.496,0.127,0.113,0.0,0.0788,0.812,173.906
Mark Eliyahu,Prayer,0.537,0.0422,-11.605,0.069,0.843,0.114,0.103,0.19,90.613
Billy Esteban,Anuska Dream,0.769,0.751,-4.683,0.0457,0.00764,0.663,0.0933,0.582,119.999
Katy Perry,Peacock,0.825,0.759,-3.121,0.0427,0.0563,0.0,0.202,0.942,139.975
Beyonce,Deja Vu,0.644,0.746,-4.941,0.341,0.0071,1.22e-05,0.0743,0.355,105.253
Katy Perry,Cry About It Later,0.692,0.67,-5.829,0.0871,0.0796,1.65e-05,0.248,0.445,126.004
Billy Esteban,First Snow,0.506,0.741,-7.049,0.0509,0.0218,0.938,0.181,0.912,100.009
Billy Esteban,A Book of the Sea,0.814,0.698,-8.193,0.0368,0.164,0.787,0.105,0.769,104.018
Evgeny Grinko,Where,0.171,0.063,-19.713,0.0505,0.987,0.8,0.104,0.0746,70.305
Billie Eilish,ilomilo,0.855,0.423,-15.044,0.0585,0.724,0.469,0.0896,0.572,120.02
Maroon 5,Lady Killer,0.798,0.269,-18.163,0.939,0.921,0.0,0.216,0.573,67.728
Katy Perry,Wide Awake,0.514,0.683,-5.099,0.0367,0.0749,2.64e-06,0.392,0.575,159.814
Billy Esteban,Izrael,0.651,0.762,-7.113,0.034,0.729,0.905,0.0932,0.564,99.974
Billy Esteban,Balkan Woman,0.617,0.748,-4.32,0.0344,0.000503,0.65,0.332,0.827,125.017
Gazapizm,Karanfil,0.559,0.718,-9.995,0.288,0.497,0.0,0.978,0.696,87.99
Maroon 5,Tickets,0.796,0.836,-4.19,0.0322,0.0163,2.72e-06,0.106,0.973,120.026
Katy Perry,Miss You More,0.538,0.48,-8.075,0.0335,0.221,0.0,0.113,0.253,123.808
Post Malone,Waiting For Never,0.593,0.834,-3.738,0.0424,0.115,0.0,0.191,0.555,151.944
Maroon 5,One Light,0.81,0.642,-5.801,0.0712,0.106,0.0,0.0805,0.596,105.968
Maroon 5,Whiskey,0.604,0.405,-8.279,0.0597,0.735,0.0,0.105,0.0861,103.98
Evgeny Grinko,Tomorrow,0.639,0.028,-29.729,0.039,0.971,0.397,0.116,0.4,130.02
Mark Eliyahu,Hame Azad,0.764,0.649,-7.381,0.102,0.159,0.844,0.619,0.402,123.983
Dua Lipa,Hotter Than Hell,0.532,0.868,-4.23,0.0908,0.011,0.0,0.0584,0.529,110.127
Rihanna,"Yeah, I Said It",0.509,0.38,-7.479,0.158,0.547,1.21e-06,0.36,0.249,127.88
Post Malone,On The Road,0.442,0.737,-5.046,0.109,0.0589,0.0,0.102,0.21,112.93
Houssem Amari,Ma Reine,0.485,0.607,-8.519,0.238,0.284,0.00108,0.674,0.27,109.926
Dua Lipa,Dreams,0.726,0.823,-4.581,0.0675,0.0688,0.0,0.332,0.892,104.973
Alan Walker,Heading Home,0.73,0.789,-3.982,0.034,0.0269,0.0,0.129,0.106,107.981
Jacob's Piano,Jardin,0.346,0.0332,-23.963,0.038,0.986,0.937,0.0912,0.0799,133.979
Katy Perry,Ghost,0.552,0.624,-5.372,0.0399,0.0364,0.0,0.123,0.338,124.99
Katy Perry,Ur So Gay,0.647,0.883,-4.263,0.052,0.0401,1.45e-06,0.117,0.587,78.984
Maroon 5,Beautiful Mistakes,0.713,0.676,-5.483,0.027,0.0377,0.0,0.154,0.721,99.048
Mark Eliyahu,Memories,0.308,0.135,-20.539,0.0409,0.959,0.714,0.106,0.0313,65.809
Beyonce,Resentment,0.29,0.574,-5.387,0.112,0.6,0.0,0.149,0.48,197.431
Billy Esteban,Starry Field,0.574,0.285,-21.626,0.0413,0.969,0.877,0.259,0.394,99.988
Evgeny Grinko,Spring Drops,0.302,0.0839,-21.942,0.0426,0.995,0.796,0.0901,0.107,175.463
Rihanna,Only Girl,0.789,0.706,-4.233,0.0429,0.112,1.71e-05,0.0586,0.638,125.911
Sam Smith,Dance,0.723,0.653,-6.003,0.0614,0.0821,2.27e-06,0.0824,0.361,124.023
Dua Lipa,No Goodbyes,0.678,0.714,-4.924,0.0408,0.00795,0.0,0.0827,0.307,109.021
Hauser,Waka Waka,0.597,0.906,-6.458,0.0512,0.00653,0.000201,0.356,0.705,127.051
Mark Eliyahu,Silence,0.501,0.195,-9.042,0.0523,0.962,0.00479,0.132,0.248,126.587
Billy Esteban,Dream,0.769,0.751,-4.683,0.0457,0.00764,0.663,0.0933,0.582,119.999
Nuri Serinlendirici,Hemise Toyda,0.684,0.937,-6.1,0.0439,0.327,0.0426,0.143,0.961,103.508
Halsey,Hold Me Down,0.677,0.744,-4.512,0.0882,0.279,0.0,0.119,0.531,145.928
Maroon 5,Daylight,0.657,0.679,-5.511,0.0269,0.00246,0.0,0.211,0.331,120.007
Billie Eilish,Your Power,0.625,0.284,-14.007,0.0819,0.934,0.00031,0.23,0.197,129.631
Beyonce,Single Ladies,0.426,0.584,-5.293,0.296,0.0383,0.0,0.188,0.272,193.437
Post Malone,92 Explorer,0.798,0.733,-4.811,0.0476,0.265,1.25e-06,0.114,0.861,146.046
Evgeny Grinko,Unexpected Finale Somewhere in Lisbon,0.434,0.155,-16.453,0.0394,0.984,0.495,0.12,0.146,128.363
Jacob's Piano,Colors of the Mind,0.397,0.0177,-23.239,0.0436,0.987,0.939,0.102,0.0518,66.256
Hauser,Nocturno,0.311,0.181,-17.108,0.043,0.99,0.92,0.131,0.0779,127.814
Beyonce,PURE/HONEY,0.857,0.558,-7.888,0.134,0.0122,4.8e-05,0.288,0.453,123.973
Rihanna,Man Down,0.479,0.906,-4.03,0.188,0.0406,0.0,0.051,0.536,155.887
Hiss,Mars,0.787,0.492,-10.198,0.139,0.771,0.0,0.101,0.285,106.991
Jacob's Piano,saman,0.292,0.112,-24.659,0.0529,0.982,0.891,0.107,0.208,111.883
Alan Walker,Extremes,0.618,0.678,-6.307,0.0646,0.00361,0.0,0.0693,0.394,122.212
Sam Smith,Forgive Myself,0.758,0.155,-10.252,0.0447,0.917,0.0,0.116,0.207,122.026
Alan Walker,Out Of Love,0.677,0.723,-5.474,0.107,0.318,0.0,0.232,0.366,150.11
Maroon 5,Leaving California,0.501,0.704,-5.64,0.0326,0.284,0.0,0.155,0.27,97.039
Sam Smith,Young,0.657,0.19,-9.046,0.367,0.651,0.0,0.328,0.406,118.421
Katy Perry,Pearl,0.559,0.577,-6.279,0.0381,0.127,0.0,0.31,0.219,116.126
Beyonce,Speechless,0.568,0.282,-10.225,0.0313,0.158,0.00258,0.182,0.103,112.708
Rihanna,Unfaithful,0.588,0.391,-8.607,0.0334,0.839,0.0,0.227,0.349,144.069
Billie Eilish,listen before I go,0.319,0.0561,-23.023,0.045,0.935,0.00384,0.388,0.082,79.764
Beyonce,Rocket,0.495,0.403,-9.732,0.299,0.499,0.0,0.7,0.563,140.365
Rihanna,Higher,0.292,0.567,-4.191,0.0416,0.112,1.01e-06,0.119,0.392,153.199
Beyonce,Naughty Girl,0.588,0.461,-8.686,0.161,0.237,1.54e-05,0.0913,0.659,200.053
Post Malone,Broken Whiskey Glass,0.512,0.673,-7.359,0.0523,0.289,3.04e-06,0.126,0.11,99.84
Beyonce,Kitty Kat,0.81,0.386,-7.846,0.311,0.0529,0.00944,0.0969,0.506,157.919
Sam Smith,Too Good At Goodbyes,0.681,0.372,-8.237,0.0432,0.64,0.0,0.169,0.476,91.873
Halsey,3AM,0.385,0.871,-4.604,0.0795,0.00906,0.0,0.579,0.538,189.76
Mark Eliyahu,The Firebird,0.545,0.762,-4.503,0.0355,0.646,0.0,0.161,0.568,126.02
Halsey,The Tradition,0.389,0.261,-7.606,0.0317,0.781,0.0,0.111,0.24,154.507
Ava Max,Ghost,0.715,0.931,-3.548,0.0426,0.00573,0.00185,0.0549,0.615,119.971
Rihanna,Love On The Brain,0.509,0.637,-4.83,0.0471,0.0717,1.08e-05,0.0789,0.378,172.006
Maroon 5,Help Me Out,0.934,0.564,-4.806,0.0638,0.461,1.84e-05,0.101,0.543,115.092
Beyonce,Disappear,0.492,0.348,-10.676,0.0301,0.128,0.0,0.326,0.206,78.412
Charlie Puth,Empty Cups,0.77,0.555,-6.361,0.0754,0.224,1.78e-06,0.0754,0.776,100.035
Sam Smith,Omen,0.435,0.203,-8.426,0.0359,0.965,8.11e-05,0.101,0.182,100.67
Billy Esteban,Mace Mace,0.697,0.804,-5.881,0.0541,0.000988,0.822,0.0869,0.589,122.004
Mustafa Ceceli,Kucak Kucak,0.77,0.752,-5.723,0.0696,0.0544,0.0,0.115,0.938,102.977
Halsey,Roman Holiday,0.431,0.836,-4.428,0.0395,0.0322,2.34e-05,0.105,0.75,74.473
Beyonce,Hold Up,0.524,0.397,-11.936,0.405,0.745,0.0,0.521,0.552,80.744
Rihanna,Break It Off,0.897,0.738,-5.314,0.228,0.0166,0.0,0.0573,0.798,133.966
Mustafa Ceceli,Bana Uyar,0.763,0.7,-3.777,0.035,0.282,0.0,0.0391,0.977,129.991
Sam Smith,How Do You Sleep?,0.477,0.682,-4.931,0.0925,0.153,0.0,0.0763,0.345,110.567
Nuri Serinlendirici,Sevdim,0.474,0.711,-7.968,0.121,0.587,0.0,0.673,0.691,61.853
Nuri Serinlendirici,Bacara Bilmirem,0.684,0.728,-6.282,0.0588,0.5,2.87e-06,0.193,0.523,90.001
Katy Perry,Act My Age,0.687,0.794,-5.461,0.0907,0.00708,0.0,0.375,0.617,112.056
Nuri Serinlendirici,Avara,0.79,0.94,-5.48,0.0328,0.443,0.00127,0.283,0.971,142.553
Evgeny Grinko,On The Waves,0.288,0.0676,-20.117,0.0347,0.967,0.951,0.0962,0.292,134.9
Mark Eliyahu,Temptation,0.61,0.904,-4.186,0.0672,0.313,0.847,0.106,0.414,88.924
Ava Max,In The Dark,0.735,0.788,-3.057,0.0395,0.182,1.8e-06,0.0709,0.563,126.03
Charlie Puth,Smells Like Me,0.602,0.565,-6.498,0.0498,0.329,0.0,0.0622,0.609,208.038
Sam Smith,My Oasis,0.691,0.474,-8.742,0.0583,0.569,0.000626,0.099,0.381,143.783
Mark Eliyahu,Tehran,0.541,0.799,-6.922,0.0512,0.0372,0.744,0.0798,0.497,168.922
Mark Eliyahu,Coming Back,0.425,0.477,-6.217,0.0401,0.89,0.0548,0.153,0.439,126.544
Halsey,Lilith,0.691,0.772,-7.616,0.26,0.0413,0.0,0.0654,0.47,84.003
Dua Lipa,Lost In Your Light,0.646,0.772,-3.826,0.0564,0.000402,0.0,0.102,0.414,117.097
Maroon 5,It Was Always You,0.613,0.765,-6.582,0.0441,0.082,1.25e-06,0.092,0.299,103.951
Nuri Serinlendirici,Etiraf,0.514,0.528,-7.748,0.0318,0.182,1.26e-05,0.357,0.53,147.99
Maroon 5,Remedy,0.753,0.633,-7.263,0.0594,0.14,0.0,0.392,0.714,132.031
Ava Max,So Am I,0.681,0.657,-4.671,0.0432,0.0748,0.0,0.353,0.628,130.089
Maroon 5,Wipe Your Eyes,0.608,0.909,-3.638,0.0349,0.0516,0.0,0.111,0.617,137.04
Beyonce,Gift from Virgo,0.388,0.265,-12.712,0.0499,0.901,0.0,0.194,0.32,137.24
Rihanna,Consideration,0.883,0.584,-2.102,0.0465,0.0392,4.39e-06,0.0869,0.784,144.975
Billy Esteban,Message,0.0964,0.171,-20.909,0.0357,0.968,0.904,0.111,0.0385,88.5
Sam Smith,Promises,0.725,0.586,-10.11,0.0486,0.163,0.00381,0.0663,0.44,122.966
Maroon 5,Wait,0.655,0.603,-5.014,0.0555,0.0959,0.0,0.107,0.452,126.088
Maroon 5,Lucky Strike,0.674,0.74,-4.517,0.0419,0.000637,0.0,0.111,0.431,143.998
Jacob's Piano,Experience,0.246,0.0829,-21.505,0.0377,0.989,0.899,0.0794,0.0391,80.366
Alan Walker,Somebody Like U,0.616,0.698,-6.496,0.0643,0.153,0.0,0.177,0.187,124.973
Beyonce,Satellites,0.384,0.153,-14.55,0.0324,0.729,0.0,0.116,0.282,109.859
Houssem Amari,Voyage,0.706,0.593,-7.503,0.0401,0.0233,0.721,0.0759,0.242,100.002
Rihanna,Close To You,0.494,0.17,-11.368,0.0337,0.895,0.0,0.139,0.145,80.098
Halsey,honey,0.471,0.857,-5.069,0.0614,0.000499,5.44e-05,0.0682,0.393,160.069
Beyonce,Diva,0.875,0.551,-6.744,0.317,0.0488,0.00728,0.0537,0.861,146.092
Post Malone,Circles,0.695,0.762,-3.497,0.0395,0.192,0.00244,0.0863,0.553,120.042
Nuri Serinlendirici,Xanimsan,0.647,0.893,-5.573,0.0672,0.479,0.0028,0.125,0.964,172.006
Billy Esteban,Red Sun,0.568,0.695,-8.502,0.0312,0.373,0.957,0.213,0.508,110.018
Rihanna,The Last Song,0.294,0.595,-5.307,0.0398,0.332,0.0,0.112,0.0996,130.857
Post Malone,Saint-Tropez,0.617,0.684,-3.618,0.0439,0.0545,0.0,0.104,0.295,132.113
Beyonce,Radio,0.605,0.763,-5.949,0.0775,0.129,2.41e-06,0.0839,0.553,135.771
Sam Smith,No God,0.616,0.509,-7.663,0.141,0.406,0.000296,0.109,0.152,89.82
Beyonce,Daddy Lessons,0.643,0.503,-8.37,0.216,0.273,0.0,0.349,0.598,90.886
Mark Eliyahu,Lion of Judea,0.288,0.618,-4.24,0.0374,0.781,0.183,0.0959,0.574,160.913
Dua Lipa,Not My Problem,0.695,0.732,-3.308,0.317,0.442,0.0,0.428,0.802,107.926
Mark Eliyahu,Derinlerde,0.501,0.432,-11.924,0.0297,0.44,0.00534,0.137,0.249,127.956
Beyonce,Ring Off,0.732,0.763,-6.732,0.0729,0.0273,0.0,0.33,0.709,98.011
Maroon 5,If I Never See Your Face Again,0.745,0.867,-2.446,0.0374,0.017,0.0,0.281,0.936,106.006
Sam Smith,La La La,0.468,0.19,-11.138,0.0373,0.919,0.0,0.107,0.326,125.319
Maroon 5,Day Light,0.675,0.245,-18.914,0.957,0.459,0.0,0.217,0.586,145.796
Beyonce,AMERICA HAS A PROBLEM,0.789,0.614,-6.491,0.0579,0.00348,0.00152,0.283,0.108,126.035
Dua Lipa,Levitating,0.702,0.825,-3.787,0.0601,0.00883,0.0,0.0674,0.915,102.977
Evgeny Grinko,Noir,0.0786,0.261,-17.818,0.0451,0.935,0.863,0.126,0.0684,63.772
Billy Esteban,Night In Istanbul,0.699,0.911,-6.321,0.0655,0.212,0.601,0.141,0.923,92.003
Sam Smith,Breaking Hearts,0.689,0.215,-11.371,0.0782,0.639,1.65e-06,0.107,0.227,91.839
Evgeny Grinko,Ice for Aureliano Buendia,0.561,0.416,-16.055,0.0315,0.319,0.94,0.163,0.137,149.012
Halsey,You asked for this,0.303,0.812,-4.95,0.0557,0.0115,0.0,0.371,0.168,139.052
Jacob's Piano,Alone,0.388,0.119,-19.522,0.0356,0.983,0.902,0.106,0.225,60.412
Charlie Puth,Losing My Mind,0.705,0.501,-10.997,0.0618,0.759,0.0761,0.104,0.16,100.042
Alan Walker,Hello World,0.651,0.646,-6.548,0.0408,0.00738,3.19e-05,0.193,0.124,104.139
Rihanna,Lemme Get That,0.704,0.894,-5.731,0.165,0.103,0.000221,0.075,0.723,175.842
Rihanna,Stupid In Love,0.738,0.562,-5.435,0.0347,0.633,0.0,0.102,0.476,127.452
Houssem Amari,Dalia,0.737,0.681,-7.251,0.0891,0.207,0.86,0.0788,0.307,99.989
Mustafa Ceceli,Leyla,0.757,0.889,-5.124,0.0752,0.105,0.0,0.247,0.784,127.982
Sam Smith,Like I Can,0.656,0.627,-6.627,0.0379,0.343,2.17e-05,0.124,0.481,99.933
Mustafa Ceceli,Kendimce,0.626,0.634,-9.226,0.0331,0.0104,0.0551,0.0797,0.739,131.024
Billy Esteban,Night in Bosphorus,0.675,0.676,-9.306,0.0402,0.529,0.948,0.065,0.305,100.017
Katy Perry,Waking Up In Vegas,0.524,0.878,-3.108,0.0346,0.0012,0.0,0.098,0.59,130.989
Post Malone,Otherside,0.652,0.643,-5.667,0.0353,0.318,2.87e-06,0.208,0.109,104.932
Charlie Puth,Patient,0.675,0.604,-6.266,0.193,0.752,0.0,0.111,0.456,168.034
Mustafa Ceceli,17 Milyon,0.569,0.597,-6.602,0.0389,0.727,0.0,0.284,0.496,148.177
Katy Perry,Mind Maze,0.558,0.474,-7.526,0.0571,0.515,2.53e-06,0.0848,0.228,119.941
Mustafa Ceceli,Bekle,0.516,0.693,-5.044,0.0422,0.527,0.0,0.112,0.602,74.997
Post Malone,Feeling Whitney,0.412,0.227,-12.696,0.0359,0.787,4.69e-06,0.282,0.226,80.111
Beyonce,I Miss You,0.718,0.523,-7.181,0.198,0.352,0.00304,0.0909,0.836,167.963
Evgeny Grinko,Where Art Thou,0.273,0.208,-15.643,0.0338,0.984,0.864,0.0994,0.0559,74.839
Mark Eliyahu,I Will Seek For You At Dawn,0.447,0.333,-5.355,0.0304,0.865,0.00402,0.316,0.414,134.249
Beyonce,Love Drought,0.455,0.535,-10.602,0.0426,0.0209,0.64,0.126,0.216,157.01
Nuri Serinlendirici,Urek,0.679,0.52,-10.465,0.0476,0.734,0.0191,0.129,0.352,120.041
Jacob's Piano,Autumn Breeze,0.177,0.0272,-23.632,0.0359,0.966,0.826,0.0975,0.0524,154.136
Billie Eilish,ocean eyes,0.511,0.363,-7.65,0.041,0.816,0.0317,0.084,0.169,144.892
Mustafa Ceceli,Gidersen,0.68,0.801,-8.996,0.0937,0.00183,0.264,0.332,0.736,129.988
Maroon 5,Fortune Teller,0.668,0.757,-6.115,0.0411,0.0501,0.0,0.151,0.41,119.961
Rihanna,Selfish Girl,0.724,0.643,-4.981,0.0837,0.0023,0.00714,0.0633,0.737,82.012
Charlie Puth,How Long,0.845,0.561,-5.253,0.0778,0.211,3.49e-06,0.0383,0.811,109.974
Katy Perry,Hummingbird Heartbeat,0.596,0.896,-2.946,0.0945,0.00241,0.0,0.0913,0.62,121.957
Sam Smith,Restart,0.756,0.749,-6.283,0.0402,0.0434,0.00187,0.116,0.868,114.992
Jacob's Piano,Snowing,0.216,0.0367,-22.93,0.0358,0.988,0.904,0.106,0.15,73.647
Maroon 5,Memories,0.775,0.327,-7.241,0.0557,0.841,0.0,0.0821,0.595,91.05
Sam Smith,Unholy,0.714,0.472,-7.375,0.0864,0.013,4.51e-06,0.266,0.238,131.121
Post Malone,Cooped Up,0.727,0.839,-4.781,0.184,0.01,3.63e-06,0.177,0.338,95.485
Rihanna,Stay,0.621,0.31,-10.164,0.0283,0.945,6.12e-05,0.117,0.125,111.893
Billy Esteban,Mediterraneo,0.619,0.903,-8.406,0.0363,0.0501,0.765,0.117,0.241,106.986
Halsey,Without Me,0.752,0.488,-7.05,0.0705,0.297,9.11e-06,0.0936,0.533,136.041
Sam Smith,Diamonds,0.653,0.667,-6.764,0.0423,0.154,0.0,0.107,0.556,104.181
Katy Perry,Power,0.559,0.61,-4.717,0.0927,0.0364,1.05e-06,0.0779,0.376,142.146
Charlie Puth,Some Type of Love,0.702,0.595,-6.005,0.0912,0.392,0.0,0.0753,0.366,90.497
Sam Smith,How Will I Know,0.426,0.132,-12.346,0.0787,0.945,0.0,0.0809,0.283,85.039
Charlie Puth,BOY,0.725,0.77,-6.24,0.0539,0.149,2.17e-05,0.0641,0.647,93.009
Rihanna,Umbrella,0.583,0.829,-4.603,0.134,0.00864,0.0,0.0426,0.575,174.028
Charlie Puth,River,0.775,0.329,-6.962,0.034,0.838,0.0,0.108,0.252,100.034
Beyonce,CHURCH GIRL,0.792,0.919,-5.688,0.276,0.0381,5.1e-06,0.368,0.22,92.028
Jacob's Piano,I Giorni,0.342,0.154,-18.088,0.0516,0.985,0.891,0.106,0.103,123.987
Mark Eliyahu,Krav Shtiya,0.604,0.908,-2.941,0.0383,0.679,0.874,0.0977,0.925,90.009
Rihanna,Let Me,0.753,0.771,-5.833,0.145,0.0541,0.000304,0.133,0.743,108.022
Billy Esteban,Sansula,0.416,0.391,-12.254,0.0299,0.902,0.925,0.121,0.103,104.186
Maroon 5,Who I Am,0.812,0.67,-4.008,0.0901,0.172,3.29e-06,0.253,0.654,125.087
Nuri Serinlendirici,Beyaz Gulum,0.496,0.823,-6.769,0.084,0.0806,8.29e-05,0.201,0.622,159.915
Billy Esteban,Blazena Gora,0.536,0.674,-5.301,0.026,0.702,0.872,0.107,0.426,100.041
Beyonce,FIND YOUR WAY BACK,0.672,0.696,-6.693,0.177,0.2,0.0275,0.0736,0.642,118.742
Sam Smith,Together,0.679,0.624,-4.593,0.468,0.131,1.93e-05,0.0426,0.693,175.179
Billie Eilish,Not My Responsibility,0.468,0.13,-18.031,0.0571,0.454,0.927,0.0819,0.0362,115.039
Maroon 5,Moves Like Jagger,0.722,0.758,-4.477,0.0471,0.0111,0.0,0.308,0.62,128.047
Nuri Serinlendirici,Gozleyirem,0.535,0.602,-5.517,0.0418,0.674,1.01e-05,0.109,0.586,82.983
Billie Eilish,i love you,0.421,0.131,-18.435,0.0382,0.952,0.00453,0.109,0.12,137.446
Jacob's Piano,A Rainy Journey,0.528,0.0891,-22.047,0.0372,0.979,0.965,0.114,0.065,130.827
Billie Eilish,party favor,0.826,0.188,-12.181,0.0883,0.882,2.83e-06,0.103,0.205,130.022
Rihanna,Woo,0.42,0.466,-5.298,0.0326,0.0546,0.00389,0.298,0.185,115.004
Sam Smith,Love Goes,0.459,0.232,-12.434,0.0768,0.812,0.0582,0.154,0.204,145.137
Jacob's Piano,Emotions,0.295,0.0591,-24.045,0.0348,0.988,0.894,0.114,0.0657,73.17
Rihanna,Desperado,0.685,0.61,-5.221,0.0439,0.323,0.0,0.102,0.323,94.384
Mustafa Ceceli,Askersin,0.479,0.648,-7.264,0.0643,0.788,4.38e-06,0.135,0.51,99.312
Alan Walker,Sing Me To Sleep,0.474,0.622,-6.381,0.061,0.0129,3.82e-06,0.327,0.158,176.062
Jacob's Piano,O Come All Ye Faithful,0.31,0.186,-16.241,0.0412,0.983,0.939,0.105,0.198,140.564
Dua Lipa,Garden,0.46,0.828,-4.005,0.148,0.00475,0.0,0.141,0.419,151.548
Jacob's Piano,Moments,0.573,0.0982,-22.599,0.0484,0.988,0.925,0.102,0.133,104.962
Halsey,Castle,0.626,0.571,-7.461,0.0327,0.25,0.0,0.0946,0.164,129.959
Maroon 5,Closure,0.748,0.813,-6.687,0.0704,0.183,0.0518,0.424,0.445,116.962
Beyonce,Bow Down,0.395,0.866,-7.544,0.128,0.0332,0.0,0.432,0.377,141.577
Dua Lipa,Future Nostalgia,0.875,0.813,-4.502,0.0579,0.00618,0.0,0.321,0.859,114.993
Maroon 5,Animals,0.279,0.742,-6.46,0.0898,0.000185,0.0,0.593,0.328,189.868
Beyonce,ALIEN SUPERSTAR,0.545,0.641,-6.398,0.0998,0.00453,6.59e-05,0.171,0.464,121.892
Charlie Puth,As You Are,0.819,0.523,-6.202,0.0449,0.361,0.0,0.0716,0.699,113.952
Jacob's Piano,Psithurism,0.408,0.069,-21.737,0.0316,0.994,0.895,0.0969,0.183,71.305
Beyonce,PLASTIC OFF THE SOFA,0.618,0.712,-8.246,0.114,0.14,4.53e-06,0.575,0.305,97.057
Halsey,Girl is a Gun,0.639,0.873,-4.64,0.0395,0.00478,1.16e-05,0.125,0.704,150.01
Post Malone,Jonestown,0.38,0.454,-10.271,0.0362,0.755,0.623,0.263,0.288,77.592
Alan Walker,Lovesick,0.585,0.555,-4.694,0.0304,0.00539,1.73e-06,0.354,0.162,122.941
Nuri Serinlendirici,Kolge,0.846,0.835,-5.107,0.175,0.0413,5.32e-06,0.0576,0.553,105.981
Katy Perry,Dark Horse,0.647,0.585,-6.123,0.0512,0.00314,0.0,0.165,0.353,131.934
Billy Esteban,Eagea,0.657,0.877,-5.606,0.0284,0.0156,0.864,0.561,0.629,114.021
Beyonce,Ave Maria,0.35,0.403,-9.57,0.0279,0.786,0.0,0.12,0.201,104.957
Jacob's Piano,Balcony Birds,0.28,0.106,-22.744,0.0374,0.986,0.919,0.112,0.068,120.076
Ava Max,My Head & My Heart,0.614,0.934,-3.709,0.07,0.0697,0.0,0.121,0.436,116.001
Beyonce,I Was Here,0.525,0.627,-6.59,0.0335,0.431,0.0,0.0927,0.235,111.026
Beyonce,Jealous,0.452,0.54,-10.087,0.229,0.122,0.00462,0.0882,0.227,133.774
Rihanna,Push Up On Me,0.791,0.88,-5.398,0.06,0.0142,0.119,0.033,0.641,119.939
Katy Perry,Choose Your Battles,0.712,0.838,-5.912,0.0859,0.0246,1.01e-06,0.0646,0.281,104.014
Jacob's Piano,Reverie,0.426,0.077,-23.816,0.0343,0.974,0.919,0.0949,0.084,127.13
Billy Esteban,Katerina,0.747,0.676,-5.655,0.0539,0.0755,0.786,0.128,0.434,108.024
Charlie Puth,No More Drama,0.555,0.648,-6.539,0.296,0.693,0.000644,0.128,0.641,195.887
Katy Perry,Thinking Of You,0.431,0.803,-4.459,0.0364,0.00167,0.0,0.331,0.309,147.048
Beyonce,BLACK PARADE,0.824,0.555,-5.817,0.05,0.00337,6.42e-06,0.217,0.0611,120.002
Halsey,Ghost,0.57,0.606,-8.085,0.129,0.0529,0.000727,0.134,0.212,95.038
Katy Perry,California Gurls,0.788,0.753,-3.71,0.0536,0.0038,0.0,0.18,0.403,125.005
Gazapizm,Argo,0.833,0.901,-3.293,0.248,0.103,0.0,0.105,0.549,119.942
Post Malone,Money Made Me Do It,0.734,0.429,-6.511,0.16,0.305,0.0,0.0659,0.372,83.021
Rauf & Faik,Animal,0.712,0.626,-7.535,0.0456,0.132,0.000139,0.907,0.194,130.032
Rihanna,Willing To Wait,0.537,0.443,-8.407,0.107,0.0107,6.99e-05,0.166,0.281,84.597
Katy Perry,Save As Draft,0.591,0.566,-7.227,0.0487,0.349,0.0,0.109,0.0474,131.76
Dharia,Tara Rita,0.665,0.851,-4.348,0.289,0.0155,8.69e-06,0.589,0.523,108.074
Maroon 5,Runaway,0.662,0.84,-3.696,0.03,0.00903,0.0,0.147,0.591,99.988
Halsey,Strangers,0.69,0.784,-4.724,0.056,0.01,4.08e-05,0.22,0.284,109.969
Alan Walker,Shut Up,0.378,0.614,-3.809,0.0761,0.13,0.0,0.309,0.451,175.937
Rihanna,Where Have You Been,0.719,0.847,-6.34,0.0916,0.00201,0.0204,0.221,0.444,127.963
Charlie Puth,If You Leave Me Now,0.362,0.268,-7.757,0.0399,0.909,0.0,0.15,0.394,81.912
Ava Max,Sweet But Psycho,0.72,0.706,-4.719,0.0473,0.0684,0.0,0.166,0.62,133.002
Katy Perry,Daisies,0.639,0.546,-5.382,0.0407,0.0837,0.0,0.122,0.149,122.179
Billy Esteban,Awakening,0.593,0.815,-9.171,0.0392,0.219,0.877,0.111,0.6,95.004
Sam Smith,Midnight Train,0.713,0.597,-7.117,0.0692,0.377,2.86e-05,0.179,0.399,96.06
Rauf & Faik,Wonderful,0.824,0.488,-7.153,0.0483,0.555,0.000234,0.0767,0.37,143.985
Evgeny Grinko,Valse,0.589,0.256,-13.584,0.0327,0.982,0.898,0.0934,0.201,95.564
Rihanna,Rush,0.751,0.822,-4.533,0.164,0.001,0.0022,0.259,0.801,96.967
Billy Esteban,Sama Moma,0.632,0.599,-11.182,0.0352,0.52,0.955,0.11,0.437,116.0
Billy Esteban,The Gates of Istanbul,0.692,0.698,-8.431,0.033,0.0451,0.92,0.305,0.238,115.017
Beyonce,Signs,0.447,0.395,-9.828,0.225,0.153,3.98e-06,0.133,0.411,76.758
Charlie Puth,Through It All,0.559,0.381,-8.54,0.0355,0.76,0.0,0.0775,0.224,119.116
Alan Walker,Red Nexus Rising,0.389,0.629,-10.449,0.0356,0.127,0.944,0.128,0.0985,59.925
Katy Perry,This Is How We Do,0.69,0.636,-6.028,0.0457,0.0203,0.0,0.147,0.799,96.002
Evgeny Grinko,Jane Maryam,0.393,0.0984,-19.02,0.0445,0.984,0.921,0.122,0.139,96.939
Charlie Puth,Charlie Be Quiet!,0.753,0.662,-4.25,0.0702,0.205,3.66e-06,0.0851,0.466,94.958
Maroon 5,Cold,0.693,0.717,-6.346,0.107,0.14,0.0,0.0464,0.412,99.836
Halsey,Now Or Never,0.67,0.585,-4.861,0.0354,0.107,1.11e-06,0.131,0.447,110.03
Katy Perry,Into Me You See,0.416,0.254,-9.998,0.036,0.815,0.0,0.0936,0.202,111.746
Rihanna,Rehab,0.583,0.792,-5.894,0.0533,0.00321,4.92e-05,0.315,0.397,80.055
Mustafa Ceceli,Rahat Rahat,0.665,0.89,-4.855,0.0352,0.0864,4.46e-05,0.151,0.703,127.985
Billy Esteban,Samuil,0.572,0.844,-8.583,0.0311,0.167,0.687,0.107,0.506,125.021
Evgeny Grinko,See You Tomorrow,0.639,0.028,-29.729,0.039,0.971,0.397,0.116,0.4,130.02
Nuri Serinlendirici,Nagilimsan,0.789,0.792,-5.491,0.105,0.03,0.0431,0.341,0.876,94.008
Hiss,Monoton,0.661,0.756,-7.338,0.0253,0.00142,0.000356,0.319,0.702,130.005
Billy Esteban,Petra,0.531,0.678,-8.626,0.0406,0.357,0.94,0.267,0.904,113.404
Billie Eilish,GOLDWING,0.654,0.303,-13.943,0.126,0.755,0.159,0.0957,0.168,160.095
Billie Eilish,all the good girls go to hell,0.726,0.444,-8.922,0.372,0.283,0.143,0.177,0.569,185.044
Sam Smith,Nirvana,0.501,0.578,-8.108,0.0475,0.528,0.00241,0.101,0.393,97.808
Sam Smith,Not In That Way,0.476,0.152,-12.457,0.0369,0.939,0.0,0.126,0.288,71.395
Rihanna,Cheers,0.576,0.912,-3.623,0.0403,0.0182,0.0,0.293,0.727,79.981
Billie Eilish,NDA,0.765,0.373,-9.921,0.0713,0.341,0.525,0.112,0.554,85.016
Halsey,The Lighthouse,0.324,0.614,-6.217,0.0338,0.137,0.000633,0.305,0.295,123.145
Beyonce,NILE,0.484,0.457,-9.458,0.204,0.738,0.0,0.536,0.342,83.493
Evgeny Grinko,"Grass, Dew and Marmalade",0.202,0.117,-17.205,0.039,0.973,0.941,0.0937,0.0393,85.351
Rihanna,We Ride,0.394,0.744,-5.465,0.276,0.00175,0.0,0.308,0.772,78.696
Post Malone,Waiting For A Miracle,0.491,0.278,-11.29,0.0424,0.8,1.99e-06,0.111,0.0718,127.136
Beyonce,XO,0.47,0.793,-8.929,0.26,0.164,1.31e-06,0.313,0.216,170.1
Mustafa Ceceli,Gizli,0.539,0.712,-5.18,0.0389,0.289,5.47e-06,0.292,0.567,81.532
Katy Perry,Tucked,0.775,0.68,-5.155,0.038,0.00544,0.0,0.047,0.929,123.005
Maroon 5,This Love,0.712,0.862,-4.612,0.0378,0.0525,0.0,0.093,0.809,95.051
Ava Max,One Of Us,0.624,0.841,-3.868,0.0355,0.0131,0.0,0.235,0.512,144.964
Rihanna,Lost In Paradise,0.479,0.779,-3.698,0.0449,0.0639,0.0,0.204,0.307,75.961
Mustafa Ceceli,Kalpten,0.651,0.614,-6.504,0.0358,0.449,0.0,0.197,0.737,132.009
Post Malone,Wrapped Around Your Finger,0.744,0.628,-5.435,0.0287,0.0493,0.0,0.317,0.539,119.948
Beyonce,ALL UP IN YOUR MIND,0.744,0.577,-7.228,0.0631,0.0672,3.06e-06,0.178,0.0805,135.869
Katy Perry,Who Am I Living For?,0.723,0.645,-6.392,0.0402,0.0324,0.0,0.131,0.487,119.989
Mark Eliyahu,Thunder,0.0905,0.243,-15.292,0.051,0.382,0.898,0.111,0.0255,74.082
Mustafa Ceceli,Severim Ben Seni,0.598,0.735,-5.639,0.0484,0.656,0.0,0.263,0.933,82.02
Rihanna,Diamonds,0.564,0.71,-4.92,0.0461,0.00125,0.0,0.109,0.393,91.972
Charlie Puth,Left and Right,0.881,0.592,-4.898,0.0324,0.619,1.32e-05,0.0901,0.719,101.058
Evgeny Grinko,Wind Brought,0.282,0.0663,-24.072,0.0448,0.989,0.93,0.0985,0.155,209.557
Jacob's Piano,Pern,0.215,0.0469,-25.495,0.0313,0.992,0.885,0.111,0.0915,77.412
Beyonce,If I Were A Boy,0.632,0.518,-6.126,0.0313,0.107,0.0,0.354,0.427,90.007
Houssem Amari,La Notte,0.651,0.523,-12.174,0.0482,0.124,0.0572,0.268,0.278,100.04
Maroon 5,Coming Back For You,0.644,0.866,-5.687,0.0341,0.0121,0.0,0.0719,0.39,114.927
Mark Eliyahu,Caravan,0.733,0.44,-11.197,0.0429,0.481,0.455,0.143,0.546,125.997
Evgeny Grinko,Man In Old Rumpled Hat,0.72,0.0875,-21.929,0.034,0.83,0.934,0.106,0.0723,120.034
Dua Lipa,Pretty Please,0.906,0.474,-6.124,0.194,0.0311,5.5e-06,0.286,0.656,106.976
Nuri Serinlendirici,O Gozel Xanimdi,0.611,0.871,-7.902,0.067,0.0952,0.000154,0.101,0.933,172.492
Jacob's Piano,Snowdrops,0.396,0.0665,-23.894,0.0428,0.981,0.929,0.107,0.0667,131.457
Mustafa Ceceli,Es,0.342,0.706,-4.255,0.0898,0.723,0.0,0.109,0.532,92.187
Katy Perry,Last Friday Night,0.652,0.812,-3.797,0.0409,0.00125,3.01e-05,0.667,0.72,126.023
Evgeny Grinko,Lullaby for Erik,0.453,0.0591,-27.201,0.033,0.988,0.952,0.0788,0.106,69.913
Gazapizm,Yok,0.632,0.843,-5.716,0.1,0.397,0.0,0.132,0.339,129.971
Jacob's Piano,Curabitur,0.362,0.178,-24.859,0.0361,0.967,0.906,0.103,0.153,137.938
Dua Lipa,Boys Will Be Boys,0.768,0.486,-5.954,0.0353,0.408,0.0,0.098,0.519,125.021
Rihanna,Girl Like Me,0.447,0.574,-6.993,0.12,0.274,0.0,0.0777,0.633,82.122
Rihanna,Numb,0.717,0.697,-5.771,0.137,0.014,0.00125,0.131,0.379,129.042
Dua Lipa,Cool,0.469,0.785,-4.015,0.0664,0.133,1.55e-06,0.0931,0.79,89.719
Nuri Serinlendirici,Oyna-Oyna,0.767,0.905,-6.153,0.105,0.0301,0.00883,0.102,0.842,105.022
Mustafa Ceceli,Hikaye,0.635,0.843,-6.668,0.0451,0.662,2.04e-06,0.109,0.679,156.062
Nuri Serinlendirici,Menimsen,0.455,0.747,-5.932,0.0562,0.483,0.0,0.283,0.515,87.497
Sam Smith,Say It First,0.566,0.407,-10.293,0.0914,0.766,0.000185,0.111,0.156,119.781
Billy Esteban,Obsession,0.567,0.778,-5.333,0.0268,0.471,0.929,0.802,0.53,139.999
Billy Esteban,My Freedom,0.672,0.891,-6.853,0.032,0.145,0.792,0.0969,0.733,120.001
Billy Esteban,Desert Girl,0.778,0.905,-6.294,0.0743,0.0233,0.777,0.0361,0.386,115.009
Maroon 5,Give A Little More,0.753,0.824,-4.301,0.0385,0.000937,0.00018,0.141,0.937,117.95
Ava Max,Hold Up,0.745,0.75,-3.391,0.0687,0.0263,1.05e-06,0.155,0.757,117.972
Maroon 5,She Will Be Loved,0.651,0.663,-5.569,0.0281,0.228,0.0,0.0994,0.465,102.0
Post Malone,Insane,0.645,0.671,-7.208,0.0459,0.0597,8e-06,0.11,0.365,82.546
Nuri Serinlendirici,Birtanem,0.66,0.769,-6.958,0.198,0.0436,0.0,0.318,0.688,90.004
Halsey,"I am not a woman, I'm a God",0.517,0.7,-6.568,0.0452,0.00375,0.0385,0.0634,0.518,179.986
Evgeny Grinko,Separation,0.334,0.157,-14.314,0.0404,0.936,0.812,0.356,0.0911,68.573
Charlie Puth,Slow It Down,0.733,0.754,-3.392,0.0593,0.264,0.0,0.131,0.849,115.024
Halsey,Is There Somewhere,0.507,0.553,-7.62,0.046,0.126,0.000175,0.087,0.181,130.072
Halsey,Gasoline,0.731,0.58,-7.328,0.0399,0.223,0.0,0.129,0.319,119.997
Sam Smith,Another One,0.497,0.618,-7.351,0.0932,0.206,0.0,0.403,0.223,123.305
Jacob's Piano,A Simple Melody,0.314,0.0492,-23.077,0.0466,0.992,0.927,0.0978,0.224,77.898
Dua Lipa,Good in Bed,0.68,0.701,-5.001,0.0917,0.138,0.000191,0.168,0.649,94.06
Maroon 5,Lost,0.766,0.706,-6.553,0.16,0.223,0.00028,0.064,0.766,142.989
Dua Lipa,IDGAF,0.836,0.544,-5.975,0.0943,0.0403,0.0,0.0824,0.51,97.028
Maroon 5,This Summer,0.712,0.868,-4.098,0.038,0.0606,0.0,0.0897,0.758,95.041
Billy Esteban,Sunset in Anatolia,0.746,0.791,-9.508,0.0505,0.0821,0.873,0.372,0.623,104.997
Maroon 5,Feelings,0.693,0.727,-5.364,0.0749,0.00365,0.0,0.0576,0.746,121.937
Post Malone,Love/Hate Letter To Alcohol,0.475,0.569,-7.073,0.0343,0.037,0.00129,0.232,0.0395,108.007
Beyonce,If,0.632,0.518,-6.126,0.0313,0.107,0.0,0.354,0.427,90.007
Sam Smith,Fire On Fire,0.584,0.408,-7.356,0.0461,0.476,0.0,0.18,0.333,115.129
Halsey,Eyes Closed,0.581,0.684,-4.962,0.0429,0.0179,1.93e-05,0.0849,0.0397,129.966
Post Malone,Myself,0.476,0.701,-4.234,0.0349,0.102,0.0,0.242,0.405,163.882
Sam Smith,For the Lover That I lost,0.494,0.291,-8.441,0.0367,0.815,0.0,0.127,0.413,136.99
Mark Eliyahu,Endless,0.605,0.659,-7.56,0.0285,0.313,0.88,0.1,0.466,110.338
Beyonce,Mine,0.557,0.428,-11.306,0.136,0.0673,0.0019,0.144,0.0996,103.009
Beyonce,SUMMER RENAISSANCE,0.674,0.625,-9.593,0.0514,0.0843,0.0015,0.11,0.208,120.004
Billy Esteban,Arabian Eyes,0.68,0.773,-7.279,0.0369,0.102,0.933,0.11,0.681,107.004
Rihanna,Pon De Replay,0.779,0.64,-8.415,0.159,0.000155,0.00077,0.101,0.498,99.019
Halsey,Walls Could Talk,0.626,0.423,-6.035,0.0513,0.128,0.0,0.18,0.571,95.162
Sam Smith,Latch,0.372,0.247,-8.706,0.0273,0.981,0.000223,0.11,0.239,96.17
Katy Perry,E.T.,0.602,0.863,-5.423,0.0773,0.0178,0.0,0.389,0.732,150.183
Maroon 5,Just A Feeling,0.603,0.618,-5.098,0.0284,0.147,0.0,0.105,0.295,149.955
Sam Smith,Him,0.575,0.248,-11.115,0.0299,0.587,5.39e-05,0.24,0.328,85.05
Dua Lipa,Begging,0.683,0.794,-4.558,0.0533,0.024,0.0,0.302,0.327,105.941
Post Malone,Blame It On Me,0.652,0.591,-7.274,0.0418,0.145,5.65e-06,0.164,0.274,121.873
Alan Walker,Catch Me If You Can,0.688,0.732,-4.78,0.035,0.00257,0.000155,0.255,0.44,147.06
Beyonce,Baby Boy,0.655,0.488,-9.17,0.22,0.0825,1.16e-06,0.221,0.791,91.025
Post Malone,I Know,0.666,0.603,-5.671,0.0763,0.497,0.0,0.112,0.262,102.94
Nuri Serinlendirici,Pismanim,0.599,0.813,-5.65,0.0327,0.2,0.0,0.161,0.627,101.949
Mustafa Ceceli,Sevgilim,0.608,0.55,-7.004,0.0327,0.662,0.0,0.0726,0.388,113.037
Ayaz Babayev,Uzaq Ol Ondan,0.66,0.654,-7.671,0.0443,0.787,4.83e-06,0.17,0.433,139.974
Post Malone,A Thousand Bad Times,0.632,0.732,-3.498,0.092,0.105,1.15e-05,0.111,0.317,159.0
Billie Eilish,you should see me in a crown,0.678,0.533,-10.485,0.186,0.462,0.219,0.139,0.323,150.455
Ava Max,Born to the Night,0.59,0.698,-5.891,0.0372,0.0352,0.0,0.233,0.406,139.985
Dua Lipa,Room for 2,0.536,0.488,-5.752,0.0354,0.396,1.44e-05,0.133,0.382,75.761
Jacob's Piano,Arrival of the Birds,0.2,0.2,-17.189,0.0397,0.901,0.825,0.0898,0.102,126.226
Nuri Serinlendirici,Heyatima Xos Geldin,0.742,0.894,-5.237,0.0636,0.184,0.000708,0.43,0.924,128.072
Mark Eliyahu,Sands,0.623,0.885,-4.244,0.0465,0.392,0.397,0.438,0.819,116.005
Rihanna,Needed Me,0.671,0.314,-8.091,0.244,0.11,0.0,0.0825,0.296,110.898
Beyonce,Freedom,0.437,0.803,-6.412,0.305,0.0376,0.0,0.683,0.406,84.378
Billie Eilish,Oxytocin,0.757,0.598,-7.777,0.058,0.0904,0.551,0.15,0.18,124.951
Beyonce,Freakum Dress,0.683,0.703,-5.154,0.0585,0.0043,1.49e-05,0.0599,0.378,98.953
Rihanna,Mad House,0.306,0.591,-7.692,0.0578,0.000938,0.000175,0.163,0.293,70.159
Jacob's Piano,Remember You,0.255,0.0184,-26.434,0.0494,0.99,0.906,0.0999,0.0829,66.553
Alan Walker,Lost Control,0.736,0.555,-4.689,0.0757,0.0345,0.000157,0.0798,0.323,91.997
Rihanna,SOS,0.677,0.671,-4.905,0.0361,0.004,5.07e-05,0.413,0.527,137.046
Billy Esteban,Forest,0.483,0.716,-9.455,0.0375,0.448,0.927,0.128,0.621,99.997
Post Malone,Feel,0.412,0.227,-12.696,0.0359,0.787,4.69e-06,0.282,0.226,80.111
Jacob's Piano,Le Onde,0.336,0.134,-21.744,0.0454,0.979,0.894,0.0976,0.0774,130.812
Jacob's Piano,Darling,0.432,0.0363,-25.372,0.0474,0.991,0.938,0.111,0.192,134.517
Rihanna,Roc Me Out,0.565,0.826,-4.808,0.0773,0.00503,0.00011,0.0757,0.377,174.058
Katy Perry,Teary Eyes,0.616,0.659,-5.994,0.0404,0.104,0.0,0.079,0.441,125.962
Rauf & Faik,LUV,0.573,0.807,-5.872,0.034,0.00266,0.000319,0.124,0.37,156.0
Katy Perry,It Takes Two,0.724,0.673,-4.348,0.0335,0.0951,0.0,0.0844,0.509,95.98
Maroon 5,Echo,0.759,0.67,-5.309,0.0509,0.0204,0.0,0.0953,0.741,136.027
Evgeny Grinko,Petrel Bird,0.269,0.252,-14.905,0.0371,0.27,0.861,0.134,0.0398,129.748
Billie Eilish,Getting Older,0.599,0.128,-17.261,0.109,0.974,0.121,0.115,0.367,159.679
Halsey,Graveyard,0.667,0.583,-5.127,0.0747,0.231,4.48e-05,0.181,0.187,92.043
Sam Smith,Money On My Mind,0.688,0.841,-5.217,0.179,0.204,0.000295,0.229,0.743,133.912
Beyonce,Drunk in Love,0.583,0.621,-6.902,0.0479,0.00972,0.00106,0.181,0.399,140.036
Billy Esteban,Ozora,0.696,0.859,-7.806,0.0452,0.27,0.76,0.123,0.568,120.003
Alan Walker,Blue,0.492,0.848,-6.718,0.0594,0.00318,0.000139,0.0665,0.49,180.015
Katy Perry,Never Really Over,0.77,0.882,-4.792,0.0602,0.194,0.0,0.316,0.385,99.991
Mark Eliyahu,Tribe,0.441,0.718,-5.81,0.0424,0.668,0.38,0.543,0.65,106.716
Beyonce,Be With You,0.711,0.454,-6.485,0.0904,0.125,2.15e-06,0.071,0.782,74.928
Rihanna,Work,0.725,0.534,-6.238,0.0946,0.0752,0.0,0.0919,0.558,91.974
Katy Perry,Spiritual,0.624,0.748,-5.117,0.029,0.0635,2.28e-06,0.104,0.435,104.992
Billie Eilish,Bored,0.614,0.318,-12.695,0.0478,0.896,0.00239,0.0795,0.112,119.959
Sam Smith,"Baby, You Make Me Crazy",0.513,0.648,-7.714,0.0994,0.00739,4.87e-05,0.176,0.497,169.743
Alan Walker,The Drum,0.783,0.762,-4.727,0.0507,0.158,6.56e-05,0.092,0.33,127.993
Billy Esteban,Secret Stories,0.7,0.842,-8.481,0.0335,0.467,0.866,0.375,0.707,123.978
Jacob's Piano,Remembrance,0.278,0.365,-15.955,0.042,0.986,0.944,0.103,0.0394,117.971
Jacob's Piano,Divenire,0.173,0.3,-13.398,0.0435,0.95,0.833,0.143,0.0676,167.56
Ava Max,Born To The Night,0.59,0.698,-5.891,0.0372,0.0352,0.0,0.233,0.406,139.985
Maroon 5,Love Somebody,0.675,0.792,-6.303,0.0368,0.145,0.0,0.12,0.395,120.016
Rauf & Faik,ALONE AGAIN,0.697,0.621,-8.815,0.0317,0.205,0.186,0.139,0.144,129.995
Sam Smith,Life Support,0.456,0.473,-7.561,0.0352,0.493,0.000338,0.136,0.216,119.886
Billy Esteban,Aliman,0.506,0.557,-7.958,0.0294,0.23,0.193,0.234,0.204,118.051
Jacob's Piano,Ballade Pour Adeline,0.322,0.203,-16.609,0.0329,0.949,0.945,0.112,0.134,134.652
Rihanna,Cockiness,0.673,0.774,-7.097,0.0572,0.00117,0.000581,0.148,0.261,124.999
Evgeny Grinko,Winter Sunshine,0.254,0.07,-24.289,0.042,0.995,0.929,0.0946,0.0768,93.44
Katy Perry,Fingerprints,0.544,0.897,-2.927,0.0614,0.00225,0.0,0.169,0.571,149.96
Sam Smith,Lay Me Down,0.468,0.19,-11.138,0.0373,0.919,0.0,0.107,0.326,125.319
Halsey,Sorry,0.513,0.25,-9.376,0.0367,0.913,0.0,0.117,0.351,74.103
Alan Walker,Alone,0.673,0.914,-3.962,0.0496,0.229,0.000478,0.186,0.183,97.021
Billy Esteban,Sevda,0.639,0.714,-8.368,0.0592,0.344,0.904,0.117,0.622,151.988
Alan Walker,Diamond Heart,0.478,0.633,-6.19,0.0345,0.123,0.0,0.41,0.287,89.909
Evgeny Grinko,Wake Up,0.44,0.00451,-28.148,0.0504,0.995,0.946,0.0904,0.0376,60.656
Charlie Puth,Attention,0.775,0.613,-4.586,0.0542,0.109,2.33e-05,0.134,0.797,100.066
Post Malone,Enemies,0.542,0.674,-4.169,0.21,0.0588,0.0,0.0955,0.667,76.388
Halsey,Control,0.549,0.675,-5.637,0.0332,0.399,0.0,0.181,0.206,119.898
Beyonce,THIQUE,0.823,0.536,-10.123,0.319,0.0616,0.0143,0.326,0.537,128.955
Beyonce,Say My Name,0.491,0.666,-7.338,0.111,0.028,0.0,0.503,0.303,138.672
Alan Walker,Paradise,0.779,0.58,-6.168,0.0355,0.158,0.0,0.124,0.679,148.916
Ava Max,Get Outta My Heart,0.654,0.756,-4.156,0.0685,0.0166,4.4e-05,0.0709,0.376,127.933
Billy Esteban,Andalusian Woman,0.819,0.691,-8.103,0.0362,0.655,0.953,0.0902,0.886,121.976
Maroon 5,Last Chance,0.789,0.773,-5.149,0.032,0.0471,0.0,0.195,0.955,129.043
Jacob's Piano,Goodbye,0.349,0.123,-16.268,0.0385,0.968,0.158,0.712,0.0883,129.292
Billie Eilish,my strange addiction,0.939,0.305,-10.952,0.354,0.35,0.000169,0.105,0.563,100.029
Post Malone,Better Now,0.68,0.578,-5.804,0.04,0.331,0.0,0.135,0.341,145.038
Hauser,Historia de un Amor,0.273,0.46,-10.327,0.0362,0.639,0.974,0.157,0.224,82.986
Mark Eliyahu,Flood Dance,0.561,0.544,-6.329,0.0299,0.651,0.896,0.132,0.644,119.321
Halsey,Alone,0.602,0.724,-3.469,0.0352,0.0184,0.0,0.606,0.451,100.064
Jacob's Piano,Night,0.413,0.0469,-23.991,0.0322,0.978,0.966,0.107,0.14,75.981
Sam Smith,Time After Time,0.595,0.459,-9.413,0.0461,0.571,0.000165,0.101,0.272,129.661
Beyonce,Flaws and All,0.664,0.701,-7.718,0.0967,0.234,0.00117,0.0646,0.625,151.947
Alan Walker,Interlude,0.347,0.306,-19.755,0.038,0.761,0.967,0.166,0.0862,179.792
Billy Esteban,Caravan Tribe,0.756,0.893,-7.115,0.0709,0.0245,0.928,0.0991,0.858,125.004
Beyonce,So Much Damn Swag,0.535,0.338,-27.432,0.883,0.994,0.011,0.891,0.547,67.709
Jacob's Piano,New Era,0.271,0.373,-20.453,0.0468,0.957,0.939,0.155,0.204,158.591
Post Malone,One Right Now,0.687,0.781,-4.806,0.053,0.0361,0.0,0.0755,0.688,97.014
Post Malone,Go Flex,0.665,0.498,-8.185,0.0832,0.228,0.0,0.0757,0.127,81.967
Beyonce,BIGGER,0.484,0.363,-8.094,0.0368,0.645,0.0,0.125,0.201,127.822
Billie Eilish,bellyache,0.695,0.573,-8.597,0.106,0.46,0.0734,0.482,0.408,99.939
Mark Eliyahu,Hope,0.653,0.349,-8.917,0.0344,0.975,0.896,0.111,0.411,124.01
Maroon 5,Better That We Break,0.52,0.613,-3.238,0.0268,0.314,0.0,0.13,0.383,79.914
Alan Walker,Time,0.568,0.893,-10.452,0.05,0.137,0.86,0.0629,0.0377,127.964
Billy Esteban,Moment of Peace,0.229,0.167,-15.365,0.0418,0.989,0.888,0.123,0.0613,111.551
Katy Perry,The One That Got Away,0.691,0.795,-4.021,0.0355,0.000812,1.02e-06,0.156,0.876,133.971
Rihanna,Crazy Little Thing Called Love,0.758,0.557,-6.223,0.112,0.0152,1.43e-06,0.108,0.751,79.98
Billy Esteban,Dance With Me,0.748,0.794,-8.129,0.048,0.0177,0.854,0.439,0.934,123.0
Halsey,clementine,0.533,0.437,-7.659,0.162,0.885,0.0,0.106,0.48,143.263
Maroon 5,Best 4 U,0.526,0.608,-5.776,0.169,0.127,0.0,0.113,0.372,93.311
Jacob's Piano,River Flows in You,0.317,0.298,-18.45,0.0457,0.957,0.945,0.115,0.0965,129.55
Mark Eliyahu,Roads,0.598,0.805,-4.228,0.03,0.0889,0.244,0.262,0.482,100.334
Beyonce,BREAK MY SOUL,0.693,0.887,-5.039,0.0795,0.0581,2.71e-06,0.27,0.864,114.942
Halsey,Heaven In Hiding,0.55,0.874,-3.954,0.136,0.0957,0.0,0.0618,0.476,117.926
Rihanna,Take A Bow,0.697,0.467,-7.536,0.0715,0.248,0.0,0.0941,0.572,82.082
Halsey,I HATE EVERYBODY,0.679,0.197,-7.078,0.0331,0.137,0.0,0.0887,0.559,79.504
Billy Esteban,Good Morning Istanbul,0.299,0.396,-8.579,0.0344,0.917,0.858,0.855,0.0597,51.807
Maroon 5,The Man Who Never Lied,0.627,0.848,-5.989,0.0351,0.000388,0.0,0.0716,0.848,139.954
Rihanna,Final Goodbye,0.512,0.463,-7.819,0.0285,0.0396,0.0,0.305,0.24,134.011
Billy Esteban,Sevdelinke,0.744,0.842,-6.645,0.0427,0.00306,0.677,0.373,0.509,123.017
Rihanna,Fading,0.697,0.742,-5.185,0.149,0.0481,3.08e-06,0.0887,0.355,88.41
Billie Eilish,xanny,0.521,0.125,-17.832,0.239,0.751,0.00207,0.265,0.0528,111.554
Alan Walker,Lily,0.423,0.634,-5.877,0.0578,0.196,0.0,0.189,0.467,150.978
Katy Perry,Mannequin,0.571,0.836,-4.507,0.0811,0.0193,0.0,0.46,0.628,138.947
Beyonce,Heaven,0.346,0.188,-12.688,0.0327,0.573,0.0166,0.108,0.0388,103.265
Halsey,Devil In Me,0.581,0.71,-5.245,0.0348,0.0634,0.0,0.0732,0.188,106.04
Ava Max,Million Dollar Baby,0.667,0.858,-2.268,0.0926,0.0367,1.47e-05,0.325,0.641,133.039
Dua Lipa,Last Dance,0.589,0.578,-5.626,0.0454,0.0232,0.0,0.0984,0.38,135.77
Billy Esteban,Secret Mountain,0.201,0.196,-15.942,0.0438,0.995,0.896,0.0942,0.0382,140.779
Evgeny Grinko,Things From The Past,0.224,0.188,-15.901,0.0369,0.908,0.654,0.0928,0.0844,134.737
Beyonce,Dance for You,0.621,0.781,-6.062,0.0636,0.0321,0.0,0.173,0.484,110.002
Halsey,Haunting,0.461,0.696,-5.752,0.0486,0.015,0.000491,0.21,0.311,180.006
Billy Esteban,Souvenir from Sea,0.759,0.826,-6.922,0.09,0.038,0.948,0.134,0.824,123.03
Evgeny Grinko,Short Memory,0.145,0.118,-14.684,0.0331,0.948,0.749,0.0926,0.0429,81.372
Rihanna,Talk That Talk,0.694,0.671,-4.088,0.0444,0.0371,3.14e-05,0.236,0.466,83.999
Billy Esteban,Gipsy Spring,0.61,0.746,-8.907,0.032,0.000849,0.832,0.321,0.333,118.99
Maroon 5,Shiver,0.625,0.925,-4.435,0.342,0.0421,0.0,0.865,0.515,172.017
Katy Perry,Roulette,0.639,0.644,-4.5,0.0319,0.0133,1.37e-05,0.119,0.413,112.038
Mark Eliyahu,Impro Esfahan,0.46,0.25,-11.181,0.0825,0.988,0.0775,0.102,0.258,116.659
Beyonce,I Been On,0.555,0.676,-11.151,0.0763,0.018,0.0463,0.721,0.14,95.174
Maroon 5,Sunday Morning,0.608,0.768,-5.227,0.0475,0.0913,0.0,0.0629,0.809,88.059
Maroon 5,Hands All Over,0.651,0.791,-4.703,0.0398,0.00904,0.0,0.104,0.725,86.453
Rihanna,Hate That I Love You,0.637,0.73,-5.38,0.0874,0.323,0.0,0.0982,0.732,93.867
Billy Esteban,Dubai Night,0.79,0.751,-7.982,0.0573,0.0112,0.817,0.0733,0.501,120.023
Alan Walker,Ritual,0.607,0.816,-4.853,0.0448,0.00157,0.000571,0.0969,0.315,125.936
Mustafa Ceceli,Topla,0.737,0.76,-5.409,0.0326,0.548,0.0,0.231,0.822,119.992
Billy Esteban,Alchemy,0.661,0.708,-7.408,0.0321,0.0146,0.824,0.134,0.421,120.006
Jacob's Piano,Penn ar Lann,0.282,0.0803,-24.996,0.0403,0.986,0.935,0.0955,0.0384,81.665
Katy Perry,What Makes A Woman,0.363,0.594,-7.847,0.079,0.184,0.0,0.106,0.257,94.639
Jacob's Piano,Horizon,0.188,0.0802,-24.751,0.0343,0.883,0.873,0.117,0.0929,59.052
Katy Perry,International Smile,0.514,0.817,-4.269,0.0482,0.0278,0.0,0.137,0.548,129.98
Katy Perry,Harleys in Hawaii,0.661,0.795,-5.513,0.154,0.144,0.0,0.276,0.472,128.075
Mark Eliyahu,Emotional Teheran,0.49,0.231,-13.427,0.0355,0.712,0.928,0.1,0.0289,123.921
Gazapizm,Pusula,0.665,0.869,-4.331,0.275,0.013,0.0,0.14,0.263,129.934
Beyonce,Blue,0.499,0.434,-10.14,0.0608,0.541,6.58e-05,0.119,0.0643,90.322
Maroon 5,What Lovers Do,0.799,0.597,-5.131,0.0611,0.0788,5.66e-06,0.1,0.419,110.001
Gazapizm,Memleketsiz,0.398,0.788,-6.747,0.194,0.0257,7.3e-05,0.12,0.719,85.484
Dua Lipa,Kiss and Make Up,0.678,0.729,-4.188,0.137,0.0658,0.0,0.303,0.643,99.895
Dua Lipa,That Kind Of Woman,0.64,0.665,-4.966,0.0325,0.0045,0.0,0.22,0.42,113.213
Mark Eliyahu,Makot,0.254,0.269,-17.919,0.0396,0.0538,0.821,0.356,0.0334,149.656
Mustafa Ceceli,Hata,0.721,0.673,-9.739,0.237,0.0223,0.00178,0.369,0.62,126.008
Ava Max,Diamonds & Dancefloors,0.669,0.804,-4.784,0.0342,0.0163,5.88e-06,0.0765,0.391,120.984
Katy Perry,One Of The Boys,0.564,0.909,-2.392,0.052,0.00199,1.89e-06,0.0818,0.683,145.953
Jacob's Piano,Giorni Dispari,0.325,0.18,-21.084,0.0488,0.98,0.937,0.116,0.039,117.83
Rauf & Faik,Ramadan,0.413,0.397,-9.374,0.0341,0.78,0.126,0.154,0.0868,76.866
Jacob's Piano,Thoughts,0.361,0.0284,-25.029,0.0361,0.992,0.93,0.0846,0.0382,61.68
Evgeny Grinko,Sunset,0.209,0.1,-21.228,0.0611,0.995,0.963,0.112,0.94,198.596
Billy Esteban,Buddha,0.628,0.646,-10.52,0.0306,0.338,0.93,0.0923,0.409,89.98
Beyonce,Get Me Bodied,0.865,0.829,-6.981,0.315,0.0673,0.0,0.253,0.651,96.511
Post Malone,Sugar Wraith,0.606,0.775,-4.269,0.0671,0.262,0.0,0.1,0.307,164.02
Maroon 5,Woman,0.774,0.604,-9.445,0.131,0.227,0.00268,0.0646,0.78,173.998
Mark Eliyahu,About Love,0.574,0.394,-9.996,0.0373,0.922,0.00298,0.189,0.522,137.777
Halsey,Darling,0.538,0.284,-9.681,0.0314,0.845,0.0,0.211,0.581,86.973
Alan Walker,Faded,0.468,0.627,-5.085,0.0476,0.0281,7.97e-06,0.11,0.159,179.642
Halsey,Coming Down,0.625,0.753,-5.983,0.166,0.436,0.00273,0.367,0.539,88.956
Rihanna,Goodnight Gotham,0.418,0.672,-5.989,0.0429,0.00686,2.14e-06,0.277,0.353,82.134
Post Malone,Ball For Me,0.797,0.55,-4.166,0.24,0.513,0.0,0.0786,0.543,134.206
Beyonce,Beautiful Liar,0.764,0.751,-3.74,0.0703,0.00554,0.000237,0.164,0.418,91.977
Billie Eilish,hostage,0.427,0.123,-15.228,0.0497,0.868,3.12e-05,0.0732,0.0394,129.565
Mark Eliyahu,Tinnitus,0.577,0.564,-11.659,0.0327,0.155,0.733,0.128,0.0645,102.97
Hauser,Swan Lake,0.22,0.36,-9.293,0.0355,0.965,0.816,0.122,0.0881,83.056
Post Malone,I Like You,0.733,0.67,-6.009,0.0751,0.121,0.0,0.121,0.472,100.964
Maroon 5,Maps,0.742,0.713,-5.522,0.0303,0.0205,0.0,0.059,0.879,120.032
Mark Eliyahu,The Northern Star,0.469,0.397,-9.594,0.0782,0.806,0.00336,0.117,0.183,130.954
Beyonce,Listen,0.432,0.637,-3.905,0.0475,0.416,0.0,0.113,0.187,122.394
Post Malone,Big Lie,0.442,0.684,-4.888,0.168,0.191,0.0,0.0725,0.218,170.861
Billie Eilish,COPYCAT,0.679,0.388,-10.977,0.0932,0.353,9.25e-05,0.341,0.234,124.909
Dua Lipa,Love Again,0.659,0.667,-4.668,0.0339,0.00173,2.85e-05,0.1,0.468,115.982
Jacob's Piano,Wandering,0.465,0.255,-17.96,0.0444,0.994,0.961,0.102,0.123,120.084
Ava Max,Tattoo,0.64,0.637,-5.228,0.0322,0.129,0.0,0.109,0.793,114.994
Post Malone,Staring At The Sun,0.724,0.772,-4.389,0.184,0.25,0.0,0.308,0.347,95.074
Maroon 5,Sugar,0.748,0.788,-7.055,0.0334,0.0591,0.0,0.0863,0.884,120.076
Charlie Puth,Dangerously,0.696,0.517,-8.379,0.0366,0.364,0.0,0.197,0.23,112.291
Ava Max,H.E.A.V.E.N,0.592,0.643,-6.928,0.0505,0.296,0.0801,0.186,0.621,119.971
Rihanna,Wait Your Turn,0.415,0.704,-4.883,0.0604,0.0777,0.0,0.36,0.451,139.822
Katy Perry,Not the End of the World,0.508,0.738,-5.126,0.0579,0.119,0.0,0.0558,0.523,158.131
Jacob's Piano,On the Nature of Daylight,0.292,0.135,-18.678,0.0481,0.977,0.919,0.105,0.0501,65.448
Jacob's Piano,Light of the Seven,0.279,0.05,-22.817,0.0464,0.98,0.941,0.109,0.083,116.391
Mark Eliyahu,Drops,0.398,0.35,-6.353,0.0328,0.872,0.816,0.166,0.126,112.596
Billy Esteban,Rosa Rosi,0.489,0.695,-7.371,0.0287,0.0134,0.811,0.0738,0.156,143.93
Mark Eliyahu,Through Me,0.381,0.36,-6.459,0.035,0.939,0.878,0.127,0.305,135.018
Post Malone,"Yours Truly, Austin Post",0.649,0.618,-5.694,0.0672,0.483,2.53e-06,0.166,0.421,125.977
Sam Smith,One Day At A Time,0.502,0.32,-7.95,0.0342,0.775,0.0,0.113,0.337,129.356
Rihanna,Get It Over With,0.419,0.465,-6.756,0.0312,0.744,0.0,0.102,0.251,79.75
Sam Smith,Kids Again,0.666,0.726,-2.998,0.0262,0.486,0.0,0.0892,0.468,128.044
Beyonce,Welcome,0.6,0.831,-12.294,0.378,0.143,0.576,0.7,0.123,170.133
Jacob's Piano,Oltremare,0.312,0.194,-21.268,0.0449,0.966,0.925,0.0657,0.0489,129.263
Maroon 5,Makes Me Wonder,0.803,0.851,-2.429,0.0357,0.00485,0.000358,0.0577,0.881,113.996
Post Malone,Cold,0.67,0.572,-7.312,0.0415,0.647,4.72e-06,0.104,0.259,132.98
Jacob's Piano,Her,0.424,0.151,-22.12,0.0486,0.988,0.889,0.091,0.408,124.059
Billy Esteban,Casablanca,0.796,0.787,-7.589,0.0462,0.167,0.797,0.127,0.631,115.971
Beyonce,Top Off,0.599,0.692,-9.48,0.224,0.0298,0.0,0.69,0.537,129.816
Post Malone,Deja Vu,0.62,0.69,-6.508,0.0493,0.0931,0.0,0.131,0.331,133.935
Billie Eilish,Therefore I Am,0.889,0.34,-7.773,0.0697,0.218,0.13,0.055,0.716,94.009
Billie Eilish,No Time To Die,0.38,0.219,-13.273,0.0358,0.917,0.0104,0.0827,0.0517,73.537
Evgeny Grinko,Other Child Room,0.702,0.0756,-21.106,0.0658,0.991,0.879,0.0911,0.42,160.053
Jacob's Piano,Fly,0.0474,0.233,-20.129,0.0397,0.962,0.916,0.094,0.147,168.066
Beyonce,ALREADY,0.647,0.732,-5.846,0.0891,0.0846,0.0,0.597,0.548,67.295
Beyonce,Mi Gente,0.667,0.741,-10.832,0.0547,0.00232,1.49e-06,0.426,0.637,104.841
Dua Lipa,Want To,0.572,0.691,-4.783,0.123,0.0788,0.000132,0.0619,0.318,92.082
Beyonce,At Last,0.26,0.26,-10.669,0.0329,0.666,0.00447,0.175,0.318,172.655
Dua Lipa,Break My Heart,0.73,0.729,-3.434,0.0884,0.167,1.39e-06,0.349,0.467,113.011
Maroon 5,New Love,0.63,0.886,-5.216,0.076,0.0107,0.00011,0.214,0.824,165.012
Mark Eliyahu,Daydream,0.438,0.435,-9.446,0.0347,0.885,0.808,0.0854,0.369,159.853
Maroon 5,Lips On You,0.652,0.555,-6.608,0.032,0.137,2.18e-05,0.09,0.107,103.043
Mark Eliyahu,With You,0.623,0.721,-8.543,0.0463,0.86,0.934,0.114,0.519,151.951
Maroon 5,In Your Pocket,0.618,0.837,-6.142,0.0515,0.032,0.0,0.0475,0.434,126.082
Jacob's Piano,Spheres,0.378,0.0197,-24.51,0.0442,0.986,0.908,0.0799,0.217,66.738
Post Malone,Die For Me,0.614,0.66,-2.848,0.0441,0.19,0.0,0.211,0.452,145.01
Evgeny Grinko,Blizzard,0.198,0.148,-22.677,0.0421,0.991,0.922,0.101,0.0922,75.776
Ava Max,Rumors,0.537,0.738,-5.557,0.038,0.0538,0.0,0.0622,0.466,96.81
Mark Eliyahu,The Run Away,0.596,0.43,-15.723,0.0383,0.429,0.892,0.116,0.106,91.992
Mark Eliyahu,Nostalgy,0.412,0.298,-10.584,0.0495,0.822,0.0105,0.0777,0.0949,124.391
Maroon 5,Lovesick,0.675,0.699,-5.894,0.0296,0.00248,0.000604,0.114,0.43,123.042
Beyonce,No Angel,0.57,0.467,-9.152,0.171,0.0421,0.00253,0.125,0.509,111.58
Post Malone,Internet,0.469,0.489,-6.071,0.0314,0.841,0.0,0.103,0.201,74.013
Maroon 5,Button,0.717,0.657,-6.355,0.0714,0.129,0.0,0.397,0.589,100.924
Mark Eliyahu,Piris Shur,0.597,0.145,-13.294,0.0978,0.983,0.827,0.0918,0.174,79.829
Ava Max,Take You To Hell,0.501,0.682,-4.664,0.0684,0.135,0.0,0.145,0.503,173.926
Billy Esteban,Dilala,0.765,0.632,-6.303,0.0342,0.621,0.789,0.14,0.606,119.998
Post Malone,I Cannot Be,0.517,0.668,-6.012,0.116,0.0712,0.0,0.407,0.646,79.782
Alan Walker,Adventure Time,0.608,0.515,-10.529,0.0331,0.0715,0.634,0.181,0.557,130.957
Billy Esteban,Into the Blue,0.465,0.709,-7.442,0.03,0.00491,0.791,0.283,0.159,90.006
Evgeny Grinko,Eastern Serenade,0.289,0.417,-10.766,0.031,0.509,0.915,0.294,0.253,108.263
Billy Esteban,Time To Change,0.745,0.662,-6.144,0.0278,0.24,0.382,0.37,0.41,139.976
Rihanna,Good Girl Gone Bad,0.708,0.553,-6.319,0.0262,0.0335,0.0,0.101,0.589,94.977
Beyonce,Work It Out,0.674,0.838,-4.066,0.2,0.417,0.0,0.189,0.96,173.946
Alan Walker,Not You,0.573,0.264,-8.955,0.0365,0.827,1.71e-05,0.103,0.379,129.791
Rihanna,James Joint,0.399,0.203,-11.649,0.0298,0.66,0.000163,0.27,0.405,134.202
Rihanna,G4L,0.36,0.721,-4.542,0.0448,0.071,0.0,0.382,0.216,137.783
Jacob's Piano,Light,0.279,0.05,-22.817,0.0464,0.98,0.941,0.109,0.083,116.391
Katy Perry,Double Rainbow,0.618,0.645,-7.937,0.0617,0.27,0.0,0.0645,0.412,96.016
Beyonce,Best Thing I Never Had,0.546,0.649,-4.056,0.0324,0.143,1.55e-05,0.0894,0.298,99.05
Maroon 5,Beautiful Goodbye,0.662,0.578,-2.637,0.0343,0.002,2.44e-06,0.104,0.404,168.039
Post Malone,Patient,0.743,0.662,-6.108,0.179,0.565,0.0,0.128,0.552,89.975
Katy Perry,I Kissed A Girl,0.699,0.76,-3.173,0.0677,0.00223,0.0,0.132,0.696,129.996
Evgeny Grinko,Someone Who Forgot His Watch,0.243,0.0674,-16.272,0.0403,0.967,0.864,0.0762,0.0544,112.039
Billy Esteban,Rumelia,0.604,0.887,-4.134,0.0279,0.028,0.749,0.301,0.742,120.035
Maroon 5,Infatuation,0.718,0.557,-3.81,0.0322,0.142,0.0,0.0609,0.544,144.023
Beyonce,Start Over,0.474,0.797,-4.541,0.192,0.193,6.2e-06,0.322,0.399,149.965
Ava Max,Belladonna,0.516,0.683,-4.849,0.0366,0.0383,5.57e-05,0.102,0.255,136.992
Katy Perry,Not Like Movies,0.402,0.479,-7.75,0.0916,0.881,2.75e-06,0.111,0.257,183.013
Sam Smith,Dancing With A Stranger,0.741,0.52,-7.513,0.0656,0.45,1.97e-06,0.222,0.347,102.998
Post Malone,Rich & Sad,0.599,0.571,-4.998,0.0665,0.198,0.0,0.0969,0.285,151.974
Dua Lipa,Physical,0.647,0.844,-3.756,0.0457,0.0137,0.000658,0.102,0.746,146.967
Maroon 5,Visions,0.594,0.762,-5.457,0.0581,0.0536,0.0,0.127,0.574,154.791
Katy Perry,Resilient,0.639,0.784,-4.905,0.0562,0.0435,0.0,0.111,0.321,126.946
Sam Smith,Make It To Me,0.456,0.379,-8.573,0.0685,0.63,3.1e-06,0.0983,0.225,149.967
Beyonce,Suga Mama,0.682,0.939,-4.054,0.284,0.226,0.000315,0.346,0.615,93.81
Mark Eliyahu,Nigun Nava,0.54,0.836,-4.006,0.044,0.737,0.688,0.366,0.816,88.646
Post Malone,Wasting Angels,0.583,0.43,-7.748,0.0353,0.801,0.0,0.0867,0.367,84.967
Post Malone,Hateful,0.535,0.724,-5.498,0.0673,0.0281,0.0,0.0782,0.179,147.083
Billie Eilish,bad guy,0.701,0.425,-10.965,0.375,0.328,0.13,0.1,0.562,135.128
Evgeny Grinko,G-Dur,0.122,0.169,-14.114,0.0433,0.954,0.742,0.123,0.0617,178.758
Evgeny Grinko,Serenade,0.133,0.312,-9.711,0.0325,0.87,0.389,0.286,0.246,200.62
Beyonce,Superpower,0.525,0.334,-11.54,0.0686,0.641,0.0,0.114,0.185,80.307
Billy Esteban,Game of Butterflies,0.143,0.0948,-19.722,0.039,0.966,0.381,0.0588,0.0776,58.984
Alan Walker,Different World,0.602,0.752,-4.931,0.0361,0.0638,0.0,0.13,0.331,130.037
Rihanna,Drunk On Love,0.655,0.873,-3.609,0.0579,0.0748,0.000454,0.401,0.153,100.391
Sam Smith,Scars,0.567,0.399,-10.385,0.0981,0.759,0.000153,0.119,0.431,77.389
Rihanna,Sell Me Candy,0.653,0.909,-5.059,0.196,0.142,0.0,0.0365,0.72,85.318
Post Malone,Take What You Want,0.499,0.8,-2.665,0.0502,0.0906,0.0,0.147,0.272,139.919
Billy Esteban,World,0.751,0.825,-3.56,0.049,0.00593,0.873,0.0444,0.392,118.995
Ava Max,Salt,0.693,0.835,-3.242,0.0624,0.131,0.0,0.073,0.744,128.052
Billy Esteban,Rain Girl,0.633,0.387,-12.7,0.0359,0.664,0.417,0.483,0.0557,119.959
Maroon 5,Bet My Heart,0.759,0.604,-6.663,0.051,0.141,0.0,0.149,0.418,121.096
Post Malone,Reputation,0.314,0.439,-5.726,0.0311,0.671,0.0,0.181,0.364,180.119
Maroon 5,Convince Me,0.378,0.677,-6.998,0.0475,0.079,9.38e-05,0.102,0.481,199.656
Ava Max,Last Night On Earth,0.693,0.832,-3.294,0.036,0.00579,5.52e-05,0.0711,0.609,99.991
Post Malone,Wow.,0.829,0.539,-7.359,0.208,0.136,1.78e-06,0.103,0.388,99.96
Maroon 5,Girls Like You,0.851,0.541,-6.825,0.0505,0.568,0.0,0.13,0.448,124.959
Charlie Puth,Suffer,0.58,0.443,-7.323,0.0498,0.75,0.0,0.0742,0.576,175.938
Billy Esteban,Five Guitars,0.368,0.691,-9.885,0.0364,0.595,0.884,0.104,0.737,92.049
Mustafa Ceceli,Anmam,0.703,0.861,-4.4,0.0409,0.0142,4.26e-05,0.144,0.815,127.996
Houssem Amari,Por Ti,0.741,0.439,-10.189,0.0424,0.432,0.000384,0.113,0.381,99.989
Nuri Serinlendirici,Son Defe Gel,0.741,0.877,-6.087,0.0973,0.0292,0.000302,0.464,0.728,89.966
Beyonce,Irreplaceable,0.447,0.694,-4.637,0.382,0.0293,5.46e-06,0.167,0.509,175.868
Katy Perry,Unconditionally,0.432,0.725,-4.862,0.0431,0.00273,0.0,0.208,0.353,128.902
Jacob's Piano,A Letter,0.217,0.132,-19.589,0.0439,0.996,0.677,0.175,0.239,81.181
Rihanna,Music Of The Sun,0.535,0.643,-8.182,0.155,0.112,0.0,0.281,0.632,171.884
Halsey,Strange Love,0.605,0.849,-4.761,0.043,0.00212,0.000372,0.192,0.599,89.993
Charlie Puth,Done for Me,0.856,0.634,-3.692,0.0741,0.191,0.0,0.0688,0.682,112.009
Beyonce,CUFF IT,0.78,0.689,-5.668,0.141,0.0368,9.69e-06,0.0698,0.642,115.042
Post Malone,Same Bitches,0.731,0.774,-5.273,0.0555,0.434,3.34e-06,0.114,0.219,100.005
Maroon 5,Unkiss Me,0.532,0.599,-6.543,0.0333,0.00784,0.0,0.14,0.113,130.019
Maroon 5,No Curtain Call,0.519,0.804,-4.976,0.0268,0.00117,0.0,0.106,0.348,168.059
Maroon 5,Goodnight Goodnight,0.587,0.701,-3.77,0.0258,0.0358,0.0,0.183,0.273,94.981
Billy Esteban,Kolkota Taxi,0.647,0.796,-7.304,0.0284,0.0555,0.878,0.367,0.376,101.995
Mark Eliyahu,Chant to the Observer in Sunset,0.225,0.165,-9.904,0.0546,0.979,0.738,0.545,0.0683,76.283
Nuri Serinlendirici,Cicekler,0.531,0.733,-8.016,0.0529,0.426,0.000199,0.153,0.576,169.99
Hauser,La Isla Bonita,0.529,0.806,-6.413,0.0391,0.0234,3.78e-05,0.0847,0.739,99.971
Beyonce,Ego,0.623,0.389,-7.816,0.241,0.155,0.0,0.163,0.489,79.454
Mark Eliyahu,Shur Ve Habit,0.508,0.628,-7.5,0.0508,0.58,0.0396,0.0931,0.511,144.021
Dharia,August Diaries,0.711,0.701,-4.424,0.237,0.474,0.0015,0.115,0.541,97.975
Katy Perry,By The Grace Of God,0.444,0.367,-7.987,0.0302,0.688,0.0,0.11,0.217,162.785
Rihanna,Right Now,0.668,0.64,-5.208,0.0888,0.049,0.0,0.0675,0.259,130.004
Charlie Puth,My Gospel,0.7,0.654,-7.126,0.297,0.27,0.0,0.0768,0.494,112.039
Maroon 5,Payphone,0.739,0.756,-4.828,0.0394,0.0136,0.0,0.37,0.523,110.028
Beyonce,Check On It,0.705,0.796,-6.845,0.267,0.0708,0.0,0.388,0.864,166.042
Evgeny Grinko,Gull Song,0.153,0.191,-22.37,0.0451,0.502,0.917,0.0826,0.0325,81.041
Houssem Amari,El Bandido,0.74,0.558,-8.273,0.115,0.0807,0.823,0.0934,0.452,93.994
Evgeny Grinko,Valse Cm,0.485,0.314,-13.473,0.0367,0.928,0.517,0.0939,0.131,105.822
Mark Eliyahu,Saba,0.351,0.185,-13.756,0.0422,0.267,0.962,0.0956,0.0334,96.963
Maroon 5,Little Of Your Time,0.686,0.963,-2.532,0.0801,0.0658,0.0,0.104,0.965,143.931
Beyonce,Haunted,0.313,0.533,-9.416,0.166,0.103,0.00635,0.507,0.311,66.93
Halsey,Easier than Lying,0.474,0.869,-4.067,0.17,8.36e-05,0.46,0.123,0.33,181.992
Mark Eliyahu,Nostalgic,0.216,0.244,-15.213,0.032,0.883,0.919,0.106,0.0998,90.614
Post Malone,Goodbyes,0.548,0.653,-3.875,0.081,0.456,0.0,0.103,0.163,150.068
Maroon 5,Plastic Rose,0.666,0.736,-5.363,0.137,0.00539,0.0,0.0613,0.477,110.389
Post Malone,White Iverson,0.675,0.562,-7.678,0.0352,0.233,0.0,0.0816,0.309,130.098
Mark Eliyahu,The Magnificent Nine,0.543,0.854,-5.237,0.0752,0.374,0.674,0.222,0.475,89.935
Charlie Puth,Somebody Told Me,0.592,0.839,-4.944,0.0564,0.101,0.0,0.0528,0.457,168.501
Katy Perry,Tsunami,0.586,0.561,-6.594,0.0817,0.0324,0.0,0.107,0.446,161.906
Katy Perry,Firework,0.638,0.832,-5.039,0.049,0.141,0.0,0.113,0.648,124.071
Gazapizm,Dayan,0.819,0.669,-8.213,0.234,0.0155,4.66e-05,0.285,0.489,120.009
Ava Max,Naked,0.683,0.641,-4.092,0.0329,0.0582,0.0,0.149,0.695,111.955
Katy Perry,Bigger Than Me,0.701,0.674,-5.906,0.0405,0.0237,0.0,0.141,0.258,110.039
Dharia,Sugar & Brownies,0.792,0.719,-5.123,0.257,0.168,0.0,0.0276,0.472,100.02
Evgeny Grinko,Poirot,0.331,0.0501,-21.278,0.0464,0.993,0.925,0.107,0.11,139.903
Rihanna,Shut Up And Drive,0.735,0.826,-4.902,0.0349,0.00101,0.129,0.197,0.74,132.964
Halsey,You should be sad,0.591,0.585,-6.35,0.0277,0.143,0.0,0.109,0.324,110.94
Halsey,Hurricane,0.586,0.83,-5.375,0.0416,0.00823,0.0028,0.348,0.486,120.017
Mark Eliyahu,Do You Remember,0.635,0.49,-7.022,0.0429,0.762,0.0,0.0774,0.213,140.036
Alan Walker,World We Used To Know,0.48,0.692,-5.324,0.0582,0.176,0.00011,0.221,0.465,85.343
Beyonce,Partition,0.418,0.441,-11.522,0.283,0.029,0.0707,0.306,0.172,175.928
Jacob's Piano,O Holy Night,0.34,0.0317,-24.906,0.0418,0.983,0.883,0.114,0.0641,100.346
Halsey,Hopeless,0.444,0.47,-6.897,0.0611,0.617,0.0,0.0861,0.164,89.945
Maroon 5,Sex and Candy,0.805,0.38,-9.713,0.0352,0.322,1.33e-05,0.0629,0.653,133.926
Beyonce,Rather Die Young,0.628,0.666,-6.626,0.111,0.158,0.00258,0.177,0.45,72.032
Rihanna,Hard,0.31,0.746,-3.599,0.111,0.0121,0.0,0.649,0.163,182.032
Mark Eliyahu,LSD,0.589,0.974,-4.038,0.0394,0.000989,0.772,0.163,0.16,141.999
Evgeny Grinko,Once Upon a Time,0.306,0.285,-17.079,0.0353,0.937,0.906,0.0792,0.109,132.09
Billie Eilish,bury a friend,0.905,0.389,-14.505,0.332,0.74,0.162,0.106,0.196,120.046
Dua Lipa,Fever,0.868,0.693,-7.052,0.181,0.0597,0.00399,0.106,0.396,114.999
Katy Perry,Part Of Me,0.667,0.922,-4.645,0.0353,0.000354,0.0,0.0867,0.761,130.01
Evgeny Grinko,And I Blew out the Candles,0.445,0.112,-22.277,0.042,0.989,0.91,0.0999,0.285,125.139
Mustafa Ceceli,Pervane,0.684,0.619,-6.509,0.0396,0.399,0.0,0.133,0.742,122.044
Rihanna,Cold Case Love,0.437,0.443,-7.767,0.0339,0.0291,0.000325,0.111,0.121,90.135
Jacob's Piano,Petrichor,0.392,0.0954,-17.757,0.0402,0.924,0.921,0.0921,0.0995,108.907
Hiss,Sevdim,0.635,0.777,-6.863,0.0301,0.00689,0.0414,0.121,0.504,105.009
Rihanna,We All Want Love,0.53,0.575,-6.71,0.0317,0.00244,0.000572,0.277,0.308,147.961
Post Malone,Spoil My Night,0.672,0.717,-2.714,0.034,0.341,2.4e-05,0.106,0.225,160.981
Jacob's Piano,Primavera,0.325,0.213,-14.45,0.0347,0.973,0.921,0.111,0.127,135.9
Billy Esteban,Light Of The Moon,0.72,0.513,-8.399,0.0356,0.749,0.944,0.117,0.821,150.042
Rihanna,A Million Miles Away,0.566,0.363,-7.259,0.0285,0.482,0.0,0.292,0.0609,123.864
Alan Walker,Drone Wars,0.426,0.879,-5.687,0.0422,0.00219,0.308,0.139,0.058,128.894
Billy Esteban,Si Zaljubiv,0.712,0.808,-7.07,0.0456,0.00278,0.844,0.0882,0.105,115.997
Hiss,Karma,0.738,0.422,-11.035,0.0432,0.562,0.00159,0.114,0.261,100.02
Ava Max,Weapons,0.506,0.846,-3.705,0.0497,0.0189,0.0,0.0835,0.268,169.813
Halsey,People disappear here,0.603,0.504,-8.705,0.0332,0.0322,0.0155,0.105,0.214,145.952
Jacob's Piano,Dreams,0.4,0.0411,-24.598,0.0413,0.983,0.91,0.0921,0.0646,106.578
Halsey,Trouble,0.684,0.445,-6.795,0.0328,0.805,7.24e-06,0.178,0.428,120.073
Rihanna,Russian Roulette,0.48,0.486,-5.754,0.0447,0.046,0.0,0.107,0.265,80.051
Evgeny Grinko,Carousel,0.257,0.397,-15.5,0.0458,0.93,0.59,0.0961,0.14,171.952
Beyonce,Crazy In Love,0.646,0.77,-6.596,0.226,0.00249,0.0,0.0715,0.681,99.165
Mark Eliyahu,Slow Voltage,0.623,0.635,-14.109,0.0469,0.00917,0.741,0.115,0.159,95.003
Beyonce,Pretty Hurts,0.512,0.624,-6.761,0.0509,0.00305,0.000172,0.346,0.2,129.932
Houssem Amari,Safir,0.726,0.491,-10.228,0.254,0.937,0.567,0.144,0.448,97.003
Rauf & Faik,Memories,0.766,0.636,-6.676,0.0625,0.101,0.166,0.0893,0.163,97.994
Maroon 5,Get Back In My Life,0.756,0.925,-3.841,0.0273,0.000277,0.0,0.137,0.908,111.96
Sam Smith,One Last Song,0.672,0.53,-6.43,0.0284,0.367,0.0,0.321,0.485,103.326
Mark Eliyahu,Longings,0.564,0.486,-8.578,0.0323,0.226,0.783,0.124,0.55,126.068
Katy Perry,Hey Hey Hey,0.653,0.703,-5.632,0.0982,0.0516,0.0,0.0521,0.488,134.064
Katy Perry,Chained To The Rhythm,0.562,0.8,-5.404,0.112,0.0814,0.0,0.199,0.471,95.029
Billie Eilish,come out and play,0.64,0.321,-14.604,0.0931,0.693,0.0307,0.114,0.177,145.045
Katy Perry,Legendary Lover,0.623,0.836,-4.788,0.0846,0.0224,0.0,0.078,0.386,126.025
Beyonce,Sweet Dreams,0.694,0.825,-5.986,0.111,0.0895,1.86e-05,0.0618,0.788,121.949
Katy Perry,Bon Appetit,0.8,0.795,-5.835,0.0626,0.131,9.02e-05,0.221,0.528,106.031
Rihanna,What Now,0.402,0.696,-4.799,0.0448,0.0476,0.0,0.628,0.227,180.158
Rihanna,Phresh Out The Runway,0.691,0.866,-5.831,0.0729,0.000202,0.0,0.294,0.96,154.117
Billy Esteban,Lunar,0.794,0.722,-9.88,0.0429,0.128,0.825,0.1,0.212,117.996
Ava Max,Turn Off The Lights,0.846,0.849,-4.419,0.0899,0.0738,0.000345,0.259,0.804,120.008
Maroon 5,Not Falling Apart,0.758,0.714,-5.027,0.0382,0.00788,1.34e-06,0.0636,0.403,119.971
Billie Eilish,Billie Bossa Nova,0.895,0.389,-11.036,0.11,0.222,0.0346,0.105,0.549,110.023
Beyonce,Yonce,0.675,0.646,-12.932,0.462,0.0751,0.0,0.315,0.42,88.063
Jacob's Piano,Porz Goret,0.221,0.227,-19.531,0.0385,0.949,0.882,0.109,0.106,154.09
Charlie Puth,Left Right Left,0.881,0.592,-4.898,0.0324,0.619,1.32e-05,0.0901,0.719,101.058
Katy Perry,Pendulum,0.621,0.788,-5.642,0.0436,0.00303,0.000229,0.0311,0.607,94.004
Evgeny Grinko,It Smells Like Chamomile Tea,0.722,0.0462,-19.461,0.0606,0.985,0.934,0.0637,0.182,69.974
Katy Perry,Roar,0.671,0.771,-4.821,0.0316,0.00492,7.28e-06,0.354,0.436,90.003
Rihanna,Do Ya Thang,0.519,0.853,-4.679,0.0369,0.000924,1.43e-05,0.101,0.697,174.085
Ava Max,Torn,0.665,0.831,-4.472,0.0437,0.111,1.53e-06,0.0596,0.696,125.057
Mark Eliyahu,Peyote,0.691,0.974,-4.132,0.0626,1.58e-05,0.82,0.569,0.804,147.975
Gazapizm,Kafandaki Silah,0.701,0.881,-3.651,0.254,0.327,0.0,0.172,0.584,90.038
Hauser,Cherry Pink and Apple Blossom White,0.553,0.59,-5.743,0.0273,0.494,0.897,0.0592,0.656,109.313
Evgeny Grinko,Lullaby for Yasha,0.351,0.0313,-23.658,0.037,0.98,0.945,0.145,0.271,111.687
Halsey,Closer,0.426,0.523,-10.824,0.188,0.914,4.77e-05,0.969,0.332,34.698
Billy Esteban,Night Experience,0.581,0.798,-9.612,0.0308,0.163,0.923,0.135,0.689,159.971
Billy Esteban,Princess of Persia,0.744,0.636,-6.923,0.0341,0.00954,0.789,0.107,0.558,124.012
Charlie Puth,Nothing But Trouble,0.682,0.806,-5.298,0.0395,0.011,0.0527,0.564,0.698,122.984
Maroon 5,Seasons,0.638,0.504,-8.335,0.0578,0.509,2.18e-05,0.103,0.281,140.204
Nuri Serinlendirici,Biri Var,0.612,0.443,-11.525,0.128,0.592,0.000108,0.152,0.324,86.135
Beyonce,Countdown,0.665,0.787,-5.73,0.151,0.31,0.0,0.219,0.699,167.351
Halsey,Colors,0.512,0.812,-4.809,0.0617,0.0534,0.0,0.092,0.521,100.02
Mark Eliyahu,Open Sky,0.571,0.456,-7.578,0.0291,0.227,0.195,0.154,0.347,126.085
Rihanna,Question Existing,0.255,0.656,-5.783,0.0769,0.144,0.0,0.365,0.276,178.356
Dua Lipa,Blow Your Mind,0.654,0.796,-4.761,0.122,0.0188,0.0,0.0948,0.491,108.854
Rihanna,Sex With Me,0.58,0.532,-5.668,0.0424,0.294,0.0,0.0948,0.39,112.049
Evgeny Grinko,Velvet Elephant,0.235,0.0491,-27.95,0.0334,0.985,0.904,0.132,0.105,186.712
Nuri Serinlendirici,Vagzali Sedasi,0.628,0.809,-6.012,0.0515,0.371,6.72e-06,0.121,0.7,111.793
Sam Smith,Burning,0.631,0.224,-9.383,0.0417,0.885,0.0,0.282,0.365,86.936
Maroon 5,Shoot Love,0.595,0.797,-5.828,0.0352,0.00259,0.0,0.11,0.425,135.0
Hauser,Quando Quando Quando,0.506,0.602,-7.712,0.0342,0.373,0.225,0.138,0.596,101.914
Sam Smith,Nothing Left For You,0.499,0.3,-8.631,0.0433,0.616,1.69e-06,0.128,0.212,126.724
Mark Eliyahu,Sunshine,0.629,0.937,-5.457,0.0364,0.042,0.928,0.0897,0.697,99.993
Beyonce,Hello,0.33,0.769,-5.755,0.17,0.206,1.54e-06,0.143,0.416,97.515
Halsey,Nightmare,0.611,0.622,-5.075,0.0734,0.0188,0.0,0.359,0.538,146.11
Sam Smith,Who We Love,0.568,0.289,-8.973,0.0395,0.858,0.0,0.0943,0.338,140.122
Mustafa Ceceli,Sevdim Seni Mabuduma,0.596,0.709,-4.822,0.135,0.2,0.0,0.269,0.513,112.908
Evgeny Grinko,Rumba,0.718,0.573,-9.816,0.0392,0.0594,0.897,0.0951,0.612,139.92
Billie Eilish,Lost Cause,0.671,0.336,-8.494,0.241,0.705,0.00751,0.0577,0.518,75.051
Jacob's Piano,Grieving Times,0.257,0.0234,-26.611,0.0397,0.988,0.639,0.0957,0.0849,182.847
Alan Walker,On My Way,0.509,0.689,-4.929,0.102,0.0209,0.0,0.301,0.297,170.087
Billy Esteban,Pustiya,0.583,0.964,-2.885,0.0354,0.0414,0.856,0.118,0.494,120.006
Post Malone,Paranoid,0.625,0.536,-5.428,0.0776,0.038,2.31e-05,0.167,0.253,159.914
Ava Max,Cold As Ice,0.455,0.77,-4.433,0.0574,0.104,0.000531,0.178,0.302,118.008
Rihanna,Raining Men,0.675,0.805,-4.841,0.153,0.0161,0.0,0.346,0.841,79.015
Billy Esteban,Song For Monica,0.618,0.92,-4.706,0.0406,0.0327,0.738,0.124,0.578,128.006
Rihanna,Say It,0.575,0.588,-6.659,0.0515,0.0867,0.0,0.344,0.401,156.797
Alan Walker,Do It All for You,0.684,0.657,-5.483,0.0433,0.126,1.26e-06,0.109,0.415,82.007
Beyonce,Bootylicious,0.542,0.878,-8.096,0.297,0.0064,0.0,0.859,0.438,103.293
Hauser,Senorita,0.621,0.592,-7.389,0.0269,0.471,0.697,0.0963,0.48,116.983
Maroon 5,Out Of Goodbyes With Lady Antebellum,0.656,0.526,-8.46,0.0245,0.137,9.84e-05,0.108,0.37,103.919
Hauser,Sway,0.451,0.716,-4.32,0.0366,0.517,0.614,0.0535,0.499,126.005
Billy Esteban,Call to the Divine,0.232,0.0506,-26.992,0.0362,0.988,0.974,0.44,0.0386,79.982
Katy Perry,Teenage Dream,0.719,0.798,-4.582,0.0361,0.0162,2.34e-06,0.134,0.591,120.011
Billy Esteban,Road to Istanbul,0.557,0.752,-7.498,0.0392,0.177,0.932,0.631,0.596,92.972
Beyonce,Formation,0.896,0.621,-6.857,0.237,0.00532,0.0,0.196,0.818,121.966
Mark Eliyahu,Mahur,0.398,0.875,-5.088,0.0571,0.15,0.254,0.0857,0.661,99.892
Katy Perry,Walking On Air,0.631,0.908,-4.842,0.0391,0.00144,0.0,0.23,0.821,128.027
Rihanna,Red Lipstick,0.517,0.695,-7.659,0.118,0.0649,0.0,0.649,0.309,139.95
Katy Perry,Circle The Drain,0.7,0.775,-3.94,0.0809,0.00735,0.0,0.082,0.751,134.932
Rihanna,Disturbia,0.707,0.813,-4.515,0.0571,0.0863,0.0,0.168,0.722,124.921
Hiss,Unuduram,0.68,0.679,-8.008,0.0465,0.39,0.0,0.185,0.718,154.975
Rihanna,Farewell,0.516,0.857,-4.559,0.111,0.0805,0.0,0.153,0.506,80.004
Charlie Puth,Does It Feel,0.61,0.86,-4.6,0.127,0.177,0.0,0.155,0.549,98.995
Alan Walker,Man On The Moon,0.668,0.816,-5.648,0.0367,0.0557,1.02e-06,0.197,0.5,129.971
Mark Eliyahu,Ballad For The Weeping Spring,0.42,0.643,-5.268,0.0303,0.738,0.00493,0.36,0.569,88.078
Beyonce,Scared of Lonely,0.534,0.575,-6.706,0.0519,0.0546,0.0,0.131,0.205,86.961
Halsey,Lie,0.361,0.468,-5.276,0.0343,0.131,9.78e-06,0.175,0.04,150.572
Sam Smith,Six Shots,0.578,0.415,-8.679,0.0545,0.0762,4.4e-06,0.363,0.376,88.125
Rihanna,Jump,0.629,0.819,-6.181,0.25,0.229,0.00706,0.169,0.468,162.048
Jacob's Piano,May be,0.451,0.0767,-25.218,0.0439,0.995,0.866,0.128,0.203,128.019
Billie Eilish,Everybody Dies,0.275,0.155,-17.285,0.0674,0.928,0.176,0.0888,0.0588,65.136
Billy Esteban,Oro,0.678,0.71,-7.452,0.0262,0.159,0.843,0.138,0.575,104.983
Beyonce,Sorry,0.775,0.598,-7.274,0.0535,0.00175,4.44e-06,0.253,0.356,129.988
Evgeny Grinko,"Time, Backward!",0.183,0.17,-15.653,0.0408,0.979,0.463,0.285,0.174,71.107
Ava Max,Kings & Queens,0.637,0.69,-4.057,0.0405,0.00786,0.0,0.124,0.457,129.857
Dua Lipa,Hallucinate,0.627,0.69,-5.396,0.139,0.033,0.0,0.0742,0.627,122.053
Rihanna,ROCKSTAR 101,0.343,0.65,-4.624,0.0909,0.0299,0.0,0.646,0.315,170.697
Sam Smith,Palace,0.345,0.193,-10.236,0.0328,0.74,4.2e-06,0.117,0.268,77.547
Mark Eliyahu,Drone Piris,0.134,0.275,-23.614,0.0603,0.703,0.908,0.109,0.0398,75.364
Sam Smith,Hurting Interlude,0.447,0.484,-20.303,0.325,0.987,0.806,0.186,0.932,134.258
Post Malone,Hit This Hard,0.628,0.553,-8.967,0.0472,0.294,0.00551,0.0825,0.367,140.026
Jacob's Piano,Rising,0.216,0.0314,-24.191,0.0402,0.969,0.944,0.0911,0.0409,176.437
Katy Perry,Self Inflicted,0.563,0.92,-3.075,0.0544,0.000326,0.0,0.0742,0.448,128.287
Maroon 5,Wake Up Call,0.632,0.949,-2.671,0.0593,0.0302,0.0,0.0871,0.969,164.118
Gazapizm,Yol,0.731,0.744,-8.608,0.184,0.0324,0.000102,0.0969,0.283,130.182
Evgeny Grinko,Dusty Room,0.177,0.106,-16.123,0.0379,0.972,0.909,0.0977,0.0383,79.645
Nuri Serinlendirici,Vay Aman Has,0.724,0.942,-5.199,0.0707,0.0176,0.00691,0.123,0.788,125.036
Rihanna,Pour It Up,0.785,0.478,-8.735,0.0419,0.0254,0.0,0.0901,0.39,134.002
Sam Smith,So Serious,0.568,0.519,-6.232,0.041,0.312,0.0,0.0858,0.38,91.892
Beyonce,Forward,0.387,0.133,-15.633,0.0474,0.947,0.0591,0.107,0.0498,124.397
Rihanna,Half Of Me,0.391,0.574,-5.912,0.0397,0.214,0.0,0.36,0.308,147.435
Jacob's Piano,Nuvole Bianche,0.35,0.24,-18.823,0.0607,0.969,0.934,0.0949,0.0454,128.851
Post Malone,I Fall Apart,0.556,0.538,-5.408,0.0382,0.0689,0.0,0.196,0.291,143.95
Halsey,Good Mourning,0.629,0.53,-9.943,0.0556,0.713,0.0274,0.412,0.78,99.806
Katy Perry,Birthday,0.719,0.674,-5.122,0.0681,0.0879,3.75e-06,0.112,0.843,125.98
Nuri Serinlendirici,Darixdim,0.425,0.883,-7.525,0.109,0.0608,0.000516,0.168,0.734,169.981
Gazapizm,Borandan,0.61,0.859,-3.319,0.259,0.0558,0.0,0.143,0.931,90.979
Billie Eilish,my future,0.444,0.309,-10.956,0.062,0.795,0.132,0.352,0.0875,104.745
Maroon 5,Secret,0.42,0.438,-8.402,0.051,0.256,0.000117,0.0963,0.149,87.986
Dua Lipa,New Love,0.58,0.621,-8.625,0.0448,0.15,4.07e-06,0.0869,0.343,90.315
Gazapizm,Kalk Yataktan,0.756,0.881,-5.745,0.093,0.0194,2.41e-05,0.263,0.526,136.05
